OBJECTID,ROADSEGMENTID,CARTO_CLASS,SUBCATEGORY,STREET,FROM_STREET,TO_STREET,FROM_LEFT_ADDRESS,TO_LEFT_ADDRESS,FROM_RIGHT_ADDRESS,TO_RIGHT_ADDRESS,REGIONAL_ROAD,LANES,OWNERSHIP,FLOW_DIRECTION,SOURCE,SOURCE_DATE,SPEED_LIMIT,AADT,AADT_YEAR,TRUCK_ACCESS,Shape__Length
52824,10165,Arterial,MAJOR,WEBER ST E,SIMEON ST,SIMEON ST,278,296,257,291,REGIONAL RD  8,4,REG,TwoWay,REG PLAN 339,4/22/2003 12:00:00 AM,50,15000,2003,7-7 MON-FRI,173.228356304379
52828,10189,Arterial,MAJOR,WEBER ST E,EAST AVE,EAST AVE,,,,,REGIONAL RD  8,5,REG,TwoWay,REG PLAN 51,4/22/2003 12:00:00 AM,50,16947,2015,7-7 MON-FRI,32.6100777595395
52829,10015,Arterial,MAJOR,WEBER ST E,JACKSON AVE,MONTGOMERY RD,724,760,721,825,REGIONAL RD  8,4,REG,TwoWay,REG PLAN 657,4/22/2003 12:00:00 AM,50,17279,2015,7-7 MON-FRI,431.493839536387
52849,6813,Arterial,MAJOR,CHARLES ST E,CHARLES ST W,BENTON ST,4,4,,,REGIONAL RD 64,3,REG,TwoWay,GIS,5/6/2009 12:00:00 AM,50,9984,2015,24HR,146.716566475212
52858,102911,Arterial,MAJOR,NEW DUNDEE RD,ROBERT FERRIE DR,REICHERT DR,,,628,628,REGIONAL RD 12,2,REG,TwoWay,PLAN 675,2/9/2004 12:00:00 AM,80,6798,2015,24HR,153.010908172492
52875,12592,Arterial,MAJOR,BRIDGEPORT RD,LANG CRES,LEANDER PL,,,431,435,REGIONAL RD  9,4,REG,TwoWay,,,50,23572,2015,24HR,82.5088043177061
52876,12609,Arterial,MAJOR,BRIDGE ST W,LANCASTER ST W,WOOLWICH ST,25,31,6,30,REGIONAL RD 52,2,REG,TwoWay,,,50,13426,2015,24HR,149.638734947483
52885,40196,Arterial,MAJOR,FISCHER HALLMAN RD,WESTMOUNT RD E,ROCKWOOD RD,1188,1188,1191,1191,REGIONAL RD 58,6,REG,TwoWay,58M-78,8/13/2002 12:00:00 AM,50,20203,2015,24HR,321.931618346659
52889,6302,Arterial,MAJOR,FISCHER HALLMAN RD,C_PKY WAT ONRAMP,C_PKY WAT OFFRAMP,,,,,REGIONAL RD 58,6,REG,TwoWay,REG PLAN 748,4/22/2003 12:00:00 AM,50,30616,2007,24HR,10.3383984990703
52893,11451,Arterial,MAJOR,COURTLAND AVE E,MILL ST,CARWOOD AVE,,,,,REGIONAL RD 53,4,REG,TwoWay,REG PLAN 384,4/22/2003 12:00:00 AM,50,16433,2015,24HR,204.266872090724
52895,9235,Arterial,MAJOR,OTTAWA ST S,KING ST E,CHARLES ST E,21,21,14,22,REGIONAL RD  4,3,REG,TwoWay,REG PLAN 404,4/22/2003 12:00:00 AM,50,14319,2015,24HR,90.0067318147454
52911,9226,Arterial,MAJOR,CHARLES ST E,BORDEN AVE S,OTTAWA ST S,512,564,,,REGIONAL RD 64,3,REG,TwoWay,,,50,12410,2015,24HR,191.82460557742
52924,11578,Arterial,MAJOR,OTTAWA ST N,CROSBY DR,RIVER RD E,,,1005,1015,REGIONAL RD  4,5,REG,TwoWay,REG PLAN 1055,12/18/2003 12:00:00 AM,50,23771,2015,7-7 MON-SAT,162.081218187785
52933,602309,Roundabout,MAJOR,FISCHER HALLMAN RD,SEABROOK DR,FISCHER HALLMAN RD,,,,,REGIONAL RD 58,2,REG,FromTo,REGION,10/4/2007 12:00:00 AM,50,4295,2018,24HR,30.3882814055794
52934,602311,Roundabout,MAJOR,FISCHER HALLMAN RD,FISCHER HALLMAN RD,SEABROOK DR,,,,,REGIONAL RD 58,2,REG,FromTo,REGION,10/4/2007 12:00:00 AM,50,4295,2018,24HR,34.0174042811907
52936,102899,Roundabout,MAJOR,IRA NEEDLES BLVD,IRA NEEDLES BLVD,IRA NEEDLES BLVD,,,,,REGIONAL RD 70,2,REG,FromTo,58R-16748,3/1/2010 12:00:00 AM,50,25387,2015,24HR,69.9596947917039
52942,13115,Arterial,MAJOR,LANCASTER ST W,JONES PL,BRIDGE ST W,611,623,610,624,REGIONAL RD 29,4,REG,TwoWay,REG PLAN 2718,2/10/2003 12:00:00 AM,50,18065,2015,24HR,86.2029671590217
52961,6296,Arterial,MAJOR,FISCHER HALLMAN RD,C_PKY WAT ONRAMP,C_PKY WAT ONRAMP,,,,,REGIONAL RD 58,5,REG,TwoWay,REG PLAN 748,4/22/2003 12:00:00 AM,50,28238,2015,24HR,94.3102222784123
52962,6919,Arterial,MAJOR,FREDERICK ST,LYDIA ST,LOCUST ST,296,300,293,305,REGIONAL RD  6,2,REG,TwoWay,REG PLAN 111,4/22/2003 12:00:00 AM,50,13273,2015,7-7 MON-SAT,60.6605955795874
52963,6929,Arterial,MAJOR,FREDERICK ST,LOCUST ST,MERNER AVE,304,310,309,311,REGIONAL RD  6,2,REG,TwoWay,REG PLAN 197,4/22/2003 12:00:00 AM,50,14688,2015,7-7 MON-SAT,34.3483936455289
52964,9788,Arterial,MAJOR,FREDERICK ST,FILBERT ST,EAST AVE,336,342,333,333,REGIONAL RD  6,3,REG,TwoWay,REG PLAN 117,4/22/2003 12:00:00 AM,50,12566,2015,7-7 MON-SAT,38.4062294662666
52965,9780,Arterial,MAJOR,FREDERICK ST,DUNHAM AVE,EDNA ST,362,380,369,385,REGIONAL RD  6,3,REG,TwoWay,REG PLAN 279,4/22/2003 12:00:00 AM,50,14896,2015,7-7 MON-SAT,236.976399036185
52988,1575,Arterial,MAJOR,WEBER ST W,RAITAR AVE,WATERLOO BOUNDARY,409,409,378,380,REGIONAL RD  8,4,REG,TwoWay,REG PLAN 373,4/22/2003 12:00:00 AM,50,18653,2015,7-7 MON-FRI,60.7248627974953
52996,7052,Arterial,MAJOR,VICTORIA ST N,DUKE ST W,WEBER ST W,70,100,63,97,REGIONAL RD 55,5,REG,TwoWay,REG PLAN 374,4/22/2003 12:00:00 AM,50,20911,2015,24HR,179.751291789881
53019,602256,Roundabout,MAJOR,IRA NEEDLES BLVD,VICTORIA ST S,IRA NEEDLES BLVD,,,,,REGIONAL RD 70,2,REG,FromTo,PUBLIC,12/22/2006 12:00:00 AM,50,30664,2015,24HR,31.7140943765946
53020,602257,Roundabout,MAJOR,IRA NEEDLES BLVD,IRA NEEDLES BLVD,IRA NEEDLES BLVD,,,,,REGIONAL RD 70,2,REG,FromTo,PUBLIC,12/22/2006 12:00:00 AM,50,30664,2015,24HR,58.5837079860181
53025,10886,Arterial,MAJOR,COURTLAND AVE E,C_PKY WAT OFFRAMP,OVERLAND DR,,,,,REGIONAL RD 53,5,REG,TwoWay,58R-1275,4/22/2003 12:00:00 AM,50,20039,2015,24HR,118.477117740166
53026,6256,Arterial,MAJOR,OTTAWA ST S,HOWE DR,WILLIAMSBURG RD,,,1188,1224,REGIONAL RD  4,4,REG,TwoWay,REG PLAN 734,8/13/2002 12:00:00 AM,60,18524,2015,24HR,188.681426250602
53046,10267,Arterial,MAJOR,VICTORIA ST N,NATCHEZ RD,SMETANA DR,1284,1412,1283,1381,REGIONAL RD 55,5,REG,TwoWay,GIS STAFF,6/10/2003 12:00:00 AM,60,29636,2015,24HR,503.663445007093
53051,8722,Arterial,MAJOR,WESTMOUNT RD W,WESTWOOD DR,GLASGOW ST,,,500,550,REGIONAL RD 50,4,REG,TwoWay,REG PLAN 402,4/22/2003 12:00:00 AM,60,20229,2015,7-7 MON-FRI,333.931975445192
53064,6586,Arterial,MAJOR,OTTAWA ST S,HUNTSWORTH AVE,ELMSDALE DR,,,,,REGIONAL RD  4,5,REG,TwoWay,REG PLAN 1358,8/13/2002 12:00:00 AM,50,19791,2015,24HR,276.007315546433
53096,10485,Arterial,MAJOR,LANCASTER ST W,ARNOLD ST,ELIZABETH ST,273,285,280,280,REGIONAL RD 29,2,REG,TwoWay,REG PLAN 666,4/22/2003 12:00:00 AM,50,12850,2015,24HR,70.0522746028727
53098,12646,Arterial,MAJOR,LANCASTER ST W,HILL ST,GUELPH ST,155,187,172,196,REGIONAL RD 29,3,REG,TwoWay,REG PLAN 378,4/22/2003 12:00:00 AM,50,14783,2015,24HR,171.916195430081
53099,6961,Arterial,MAJOR,LANCASTER ST W,HILLVIEW ST,HILL ST,125,153,124,152,REGIONAL RD 29,2,REG,TwoWay,REG PLAN 250,4/22/2003 12:00:00 AM,50,14922,2015,24HR,132.828938788731
53100,602258,Roundabout,MAJOR,IRA NEEDLES BLVD,IRA NEEDLES BLVD,VICTORIA ST S,,,,,REGIONAL RD 70,2,REG,FromTo,PUBLIC,12/22/2006 12:00:00 AM,50,30664,2015,24HR,32.5133511461566
53143,1703,Arterial,MAJOR,HIGHLAND RD W,WEST AVE,VANCAMP AVE,107,111,114,114,REGIONAL RD  6,3,REG,TwoWay,REG PLAN 207,4/22/2003 12:00:00 AM,50,19387,2015,24HR,40.6033006297048
53144,1700,Arterial,MAJOR,HIGHLAND RD W,VANCAMP AVE,PATRICIA AVE,115,151,122,160,REGIONAL RD  6,3,REG,TwoWay,REG PLAN 207,4/22/2003 12:00:00 AM,50,17961,2015,24HR,163.278941602464
53241,22107,Arterial,MAJOR,FAIRWAY RD S,KING ST BYPASS ONRAMP,KING ST BYPASS OFFRAMP,,,,,REGIONAL RD 53,5,REG,TwoWay,58R-851,4/22/2003 12:00:00 AM,60,42120,2015,24HR,16.8756484581509
53247,16195,Arterial,MAJOR,KING ST E,RIVERBANK DR,KING ST BYPASS ONRAMP,3761,3849,3800,3880,REGIONAL RD  8,4,REG,TwoWay,58R-7361,4/22/2003 12:00:00 AM,50,39075,2015,24HR,783.782535035473
53256,602405,Arterial,MAJOR,BLEAMS RD,BANDON DR,NYLES DR,,,,,REGIONAL RD 56,3,REG,TwoWay,UNKNOWN,6/8/2004 12:00:00 AM,70,4305,2015,24HR,206.232243326878
53258,40342,Arterial,MAJOR,BLEAMS RD,DONNENWERTH DR,GEHL PL,,,,,REGIONAL RD 56,2,REG,TwoWay,UNKNOWN,2/18/2005 12:00:00 AM,70,3986,2015,24HR,330.92136930783
53260,7055,Arterial,MAJOR,WEBER ST W,WATER ST N,HEIT LANE,99,99,100,100,REGIONAL RD  8,4,REG,TwoWay,REG PLAN 374,4/22/2003 12:00:00 AM,50,18733,2015,7-7 MON-FRI,36.5666590895946
53264,7053,Arterial,MAJOR,WEBER ST W,HEIT LANE,VICTORIA ST N,111,111,,,REGIONAL RD  8,5,REG,TwoWay,REG PLAN 374,4/22/2003 12:00:00 AM,50,18559,2015,7-7 MON-FRI,60.0137203198438
53277,602127,Roundabout,MAJOR,IRA NEEDLES BLVD,HIGHVIEW DR,IRA NEEDLES BLVD,,,,,REGIONAL RD 70,2,REG,FromTo,PUBLIC,12/4/2006 12:00:00 AM,50,23504,2015,24HR,32.2535871651824
53278,602118,Roundabout,MAJOR,IRA NEEDLES BLVD,IRA NEEDLES BLVD,HIGHVIEW DR,,,,,REGIONAL RD 70,2,REG,FromTo,PUBLIC,12/4/2006 12:00:00 AM,50,23504,2015,24HR,33.8263024307077
53284,25600,Ramp,MAJOR,HOMER WATSON ONRAMP,HURON RD,HOMER WATSON BLVD,,,,,REGIONAL RD 28,1,REG,FromTo,REG PLAN 576,4/22/2003 12:00:00 AM,50,28649,2015,24HR,588.736199666325
53289,10963,Arterial,MAJOR,WEBER ST E,FRANKLIN ST N,PINECREST DR,,,1157,1175,REGIONAL RD  8,5,REG,TwoWay,REG PLAN 938,5/30/2003 12:00:00 AM,50,20330,2015,7-7 MON-FRI,86.2602418496356
53416,21496,Arterial,MAJOR,FISCHER HALLMAN RD,HALDIMAND ST,PLAINS RD,1940,1970,,,REGIONAL RD 58,2,REG,TwoWay,58R-1754,2/9/2004 12:00:00 AM,60,11330,2015,24HR,350.610840950045
53450,600126,Arterial,MAJOR,IRA NEEDLES BLVD,YELLOW BIRCH DR,HIGHVIEW DR,,,,,REGIONAL RD 70,4,REG,TwoWay,RP 1551,12/18/2003 12:00:00 AM,50,21889,2015,24HR,352.119910233811
53521,6650,Arterial,MAJOR,COURTLAND AVE E,CEDAR ST S,MADISON AVE S,160,160,151,181,REGIONAL RD 53,2,REG,TwoWay,REG PLAN 395,4/22/2003 12:00:00 AM,50,14894,2015,24HR,128.286152409282
53549,13107,Arterial,MAJOR,BRIDGE ST E,GRAND AVE,SCHWEITZER ST,71,73,,,REGIONAL RD 52,3,REG,TwoWay,,,50,13529,2015,24HR,125.074543847585
53550,12634,Arterial,MAJOR,BRIDGE ST E,SCHWEITZER ST,TAGGE ST,103,103,116,116,REGIONAL RD 52,2,REG,TwoWay,,,50,12860,2015,24HR,224.097171020523
53572,1725,Arterial,MAJOR,WESTMOUNT RD W,VICTORIA ST S,KARN ST,,,340,400,REGIONAL RD 50,5,REG,TwoWay,REG PLAN 1268,4/22/2003 12:00:00 AM,60,22714,2015,7-7 MON-FRI,317.023508002931
53587,9423,Arterial,MAJOR,OTTAWA ST S,WILSONS RD,BENNINGER DR,1893,2069,1890,2056,REGIONAL RD  4,2,REG,TwoWay,58M-643,4/22/2003 12:00:00 AM,50,6576,2015,24HR,679.802998045724
53610,13118,Arterial,MAJOR,BRIDGE ST E,TYSON DR,BLOOMINGDALE RD,13,29,14,26,REGIONAL RD 52,3,REG,TwoWay,,,50,17164,2015,24HR,139.869697652713
53625,6801,Arterial,MAJOR,FREDERICK ST,KING ST E,GOUDIES LANE,,,,,REGIONAL RD  6,4,REG,TwoWay,REG PLAN 364,4/22/2003 12:00:00 AM,50,9242,2015,24HR,60.6245597367653
53626,6802,Arterial,MAJOR,FREDERICK ST,GOUDIES LANE,DUKE ST E,22,22,25,49,REGIONAL RD  6,4,REG,TwoWay,REG PLAN 364,4/22/2003 12:00:00 AM,50,7840,2015,24HR,78.4112992495528
53634,7042,Arterial,MAJOR,LANCASTER ST W,BREITHAUPT ST,WELLINGTON ST N,55,63,50,68,REGIONAL RD 29,4,REG,TwoWay,REG PLAN 139,4/22/2003 12:00:00 AM,50,17415,2015,24HR,71.0928420574186
53645,22863,Arterial,MAJOR,OTTAWA ST N,NOTTINGHAM AVE,DREGER AVE,,,,,REGIONAL RD  4,4,REG,TwoWay,REG PLAN 1055,12/18/2003 12:00:00 AM,50,22245,2015,7-7 MON-SAT,443.98504714605
53646,13158,Arterial,MAJOR,WEBER ST E,ROSS AVE,WILFRED AVE,,,,,REGIONAL RD  8,4,REG,TwoWay,REG PLAN 267,5/30/2003 12:00:00 AM,50,15741,2015,7-7 MON-FRI,139.461491761237
53669,13090,Arterial,MAJOR,BRIDGE ST E,BLOOMINGDALE RD,GRAND AVE,45,61,42,70,REGIONAL RD 52,2,REG,TwoWay,,,50,16259,2015,24HR,231.486690885925
53693,23061,Arterial,MAJOR,FAIRWAY RD N,MORGAN AVE,JANSEN AVE,94,108,91,99,REGIONAL RD 53,4,REG,TwoWay,REG PLAN 589,4/22/2003 12:00:00 AM,50,18665,2015,24HR,151.675231465488
53709,10103,Arterial,MAJOR,COURTLAND AVE E,SHELLEY DR,SIEBERT AVE,1200,1200,,,REGIONAL RD 53,5,REG,TwoWay,REG PLAN 1221,8/13/2002 12:00:00 AM,50,25145,2015,24HR,145.199333187508
53719,8788,Arterial,MAJOR,VICTORIA ST S,JOSEPH ST,ARTHUR PL,69,69,72,86,REGIONAL RD 55,5,REG,TwoWay,REG PLAN 421,4/22/2003 12:00:00 AM,50,21120,2015,24HR,78.1251159118413
53720,1569,Arterial,MAJOR,WEBER ST W,GUELPH ST,RAITAR AVE,341,357,336,368,REGIONAL RD  8,4,REG,TwoWay,REG PLAN 373,4/22/2003 12:00:00 AM,50,18455,2015,7-7 MON-FRI,172.240552058623
53742,10991,Arterial,MAJOR,WEBER ST E,ARLINGTON BLVD,FERGUS AVE,1236,1250,1221,1333,REGIONAL RD  8,5,REG,TwoWay,REG PLAN 267,5/30/2003 12:00:00 AM,50,20765,2015,7-7 MON-FRI,343.421198584861
53770,10714,Arterial,MAJOR,FAIRWAY RD S,WILSON AVE,MANITOU DR,419,655,310,696,REGIONAL RD 53,5,REG,TwoWay,MCP 962,8/13/2002 12:00:00 AM,60,30322,2015,24HR,908.648438042924
53771,10703,Arterial,MAJOR,MANITOU DR,COURTLAND AVE E,WEBSTER RD,10,26,5,29,REGIONAL RD 69,5,REG,TwoWay,REG PLAN 586,8/13/2002 12:00:00 AM,60,28353,2015,24HR,379.03623634701
53775,102904,Arterial,MAJOR,IRA NEEDLES BLVD,GLASGOW ST,THE BOARDWALK,,,,,REGIONAL RD 70,4,REG,TwoWay,58R-6517,2/18/2004 12:00:00 AM,50,22242,2015,24HR,109.827533443943
53776,102699,Roundabout,MAJOR,BRIDGE ST E,LANCASTER ST W,BRIDGE ST E,,,,,REGIONAL RD 52,2,REG,FromTo,REGION,8/25/2009 12:00:00 AM,50,18065,2015,24HR,27.7461253660069
53777,102696,Roundabout,MAJOR,BRIDGE ST E,BRIDGE ST E,CARISBROOK DR,,,,,REGIONAL RD 52,2,REG,FromTo,REGION,8/23/2009 12:00:00 AM,50,18065,2015,24HR,20.0004971146059
53778,102698,Roundabout,MAJOR,BRIDGE ST W,CARISBROOK DR,BRIDGE ST W,,,,,REGIONAL RD 52,2,REG,FromTo,REGION,8/23/2009 12:00:00 AM,50,18065,2015,24HR,30.2722231716399
53779,102697,Roundabout,MAJOR,BRIDGE ST W,BRIDGE ST W,LANCASTER ST W,,,,,REGIONAL RD 52,2,REG,FromTo,REGION,8/23/2009 12:00:00 AM,50,18065,2015,24HR,23.2421574106052
53787,6508,Arterial,MAJOR,WESTMOUNT RD E,FOREST HILL DR,EVERGREEN CRES,104,170,105,179,REGIONAL RD 50,4,REG,TwoWay,REG PLAN 883,4/22/2003 12:00:00 AM,50,19195,2015,7-7 MON-FRI,270.400242640232
53817,6506,Arterial,MAJOR,WESTMOUNT RD E,EVERGREEN CRES,GREENBROOK DR,196,204,185,203,REGIONAL RD 50,5,REG,TwoWay,REG PLAN 946,4/22/2003 12:00:00 AM,50,18355,2015,7-7 MON-FRI,87.8056340309511
53818,6493,Arterial,MAJOR,WESTMOUNT RD E,GREENBROOK DR,VILLAGE RD,220,220,219,219,REGIONAL RD 50,5,REG,TwoWay,REG PLAN 946,4/22/2003 12:00:00 AM,50,16469,2015,7-7 MON-FRI,96.804672832852
53820,6143,Arterial,MAJOR,FISCHER HALLMAN RD,MCGARRY DR,C_PKY STR ONRAMP,336,414,,,REGIONAL RD 58,5,REG,TwoWay,REG PLAN 1052,4/22/2003 12:00:00 AM,50,29687,2015,24HR,414.093518324781
53846,15976,Arterial,MAJOR,KING ST E,LIMERICK DR,401 LON ONRAMP,4585,4611,4574,4592,REGIONAL RD  8,5,REG,TwoWay,REG PLAN 1745,4/22/2003 12:00:00 AM,50,49793,2015,24HR,314.612939697926
53868,25665,Ramp,MAJOR,HOMER WATSON OFFRAMP,HOMER WATSON BLVD,HURON RD,,,,,REGIONAL RD 28,1,REG,ToFrom,REG PLAN 576,4/22/2003 12:00:00 AM,50,3415,2015,24HR,323.527598863502
53939,6863,Arterial,MAJOR,WEBER ST E,MADISON AVE N,CAMERON ST N,140,154,143,157,REGIONAL RD  8,4,REG,TwoWay,REG PLAN 126,4/22/2003 12:00:00 AM,50,18130,2015,7-7 MON-FRI,125.207388096749
53940,6859,Arterial,MAJOR,WEBER ST E,CAMERON ST N,BETZNER AVE N,160,170,161,175,REGIONAL RD  8,4,REG,TwoWay,REG PLAN 126,4/22/2003 12:00:00 AM,50,17905,2015,7-7 MON-FRI,98.2760644946754
53943,11092,Arterial,MAJOR,WEBER ST W,WILHELM ST,REINHARDT ST,225,269,236,264,REGIONAL RD  8,4,REG,TwoWay,REG PLAN 131,4/22/2003 12:00:00 AM,50,17861,2015,7-7 MON-FRI,146.226197052346
53958,11445,Arterial,MAJOR,COURTLAND AVE E,C_PKY STR ONRAMP,C_PKY STR ONRAMP,,,,,REGIONAL RD 53,4,REG,TwoWay,MCP 791,4/22/2003 12:00:00 AM,50,20039,2015,24HR,97.423101851737
54000,20571,Arterial,MAJOR,FISCHER HALLMAN RD,WATERLOO BOUNDARY,GLASGOW ST,,,851,851,REGIONAL RD 58,6,REG,TwoWay,REG PLAN 1625,4/22/2003 12:00:00 AM,60,20230,2015,24HR,272.910930122488
54001,31312,Roundabout,MAJOR,IRA NEEDLES BLVD,IRA NEEDLES BLVD,UNIVERSITY AVE W,,,,,REGIONAL RD 70,2,REG,FromTo,PUBLIC,12/22/2006 12:00:00 AM,50,33363,2015,24HR,37.0039302950819
54002,31311,Roundabout,MAJOR,IRA NEEDLES BLVD,UNIVERSITY AVE W,IRA NEEDLES BLVD,,,,,REGIONAL RD 70,2,REG,FromTo,PUBLIC,12/22/2006 12:00:00 AM,50,33363,2015,24HR,36.7327384914677
54028,40174,Arterial,MAJOR,VICTORIA ST N,WATER ST N,AHRENS ST W,,,,,REGIONAL RD 55,4,REG,TwoWay,REG PLAN 374,4/22/2003 12:00:00 AM,50,14540,2015,24HR,25.3883235187022
54033,6754,Arterial,MAJOR,FREDERICK ST,SPETZ ST,IRVIN ST,134,150,129,153,REGIONAL RD  6,4,REG,TwoWay,REG PLAN 32,4/22/2003 12:00:00 AM,50,11643,2015,7-7 MON-SAT,113.431094068494
54047,12115,Arterial,MAJOR,KING ST E,KING ST BYPASS OFFRAMP,KINGSBURY DR,2905,2919,2900,2922,REGIONAL RD  8,6,REG,TwoWay,REG PLAN 589,4/22/2003 12:00:00 AM,50,26267,2015,24HR,141.327768423676
54055,6776,Arterial,MAJOR,FREDERICK ST,WEBER ST E,SPETZ ST,122,122,101,127,REGIONAL RD  6,5,REG,TwoWay,REG PLAN 401,4/22/2003 12:00:00 AM,50,11543,2015,7-7 MON-SAT,105.201883658088
54058,11747,Arterial,MAJOR,OTTAWA ST S,IMPERIAL DR,C_PKY WAT ONRAMP,,,,,REGIONAL RD  4,4,REG,TwoWay,58R-2671,4/22/2003 12:00:00 AM,50,22154,2015,24HR,159.11924923185
54059,11761,Arterial,MAJOR,OTTAWA ST S,C_PKY WAT ONRAMP,HOMER WATSON BLVD,,,,,REGIONAL RD  4,6,REG,TwoWay,58R-1570,4/22/2003 12:00:00 AM,50,25137,2015,24HR,76.1076853277084
54061,11438,Arterial,MAJOR,COURTLAND AVE E,C_PKY WAT OFFRAMP,C_PKY STR ONRAMP,,,,,REGIONAL RD 53,5,REG,TwoWay,58R-1275,4/22/2003 12:00:00 AM,50,20039,2015,24HR,106.839667477428
54074,1359,Arterial,MAJOR,WESTMOUNT RD W,RUSHOLME RD,FORSYTH DR,773,773,,,REGIONAL RD 50,4,REG,TwoWay,REG PLAN 352,4/22/2003 12:00:00 AM,50,15836,2015,7-7 MON-FRI,58.1745445998518
54075,10093,Arterial,MAJOR,COURTLAND AVE E,BLOCK LINE RD,SHELLEY DR,1100,1144,,,REGIONAL RD 53,6,REG,TwoWay,REG PLAN 1206,8/13/2002 12:00:00 AM,50,24965,2015,24HR,256.815637340284
54077,103944,Arterial,MAJOR,COURTLAND AVE E,HILLMOUNT ST,BLOCK LINE RD,1050,1064,,,REGIONAL RD 53,5,REG,TwoWay,REG PLAN 1206,8/13/2002 12:00:00 AM,60,26824,2015,24HR,187.219087726201
54095,10204,Arterial,MAJOR,OTTAWA ST N,C_PKY WAT ONRAMP,C_PKY WAT OFFRAMP,,,,,REGIONAL RD  4,4,REG,TwoWay,REG PLAN  944,4/22/2003 12:00:00 AM,50,20975,2015,24HR,17.9976006397628
54114,40084,Arterial,MAJOR,KING ST E,JACKSON AVE,CHARLES ST E,,,1508,1570,REGIONAL RD 15,4,REG,TwoWay,REG PLAN 657,4/22/2003 12:00:00 AM,50,13184,2015,24HR,171.994845172806
54115,10070,Arterial,MAJOR,KING ST E,CHARLES ST E,MONTGOMERY RD,,,1620,2300,REGIONAL RD 15,4,REG,TwoWay,REG PLAN 649,4/22/2003 12:00:00 AM,50,13184,2015,24HR,377.146640783865
54153,10259,Arterial,MAJOR,VICTORIA ST N,SMETANA DR,LACKNER BLVD,1420,1450,1421,1431,REGIONAL RD 55,5,REG,TwoWay,REG PLAN 947,4/22/2003 12:00:00 AM,70,26820,2015,24HR,216.687247665072
54157,20719,Arterial,MAJOR,HIGHLAND RD W,WESTMOUNT RD W,HIGHLAND CRES,491,525,,,REGIONAL RD  6,6,REG,TwoWay,REG PLAN 1004,4/22/2003 12:00:00 AM,60,18945,2015,24HR,168.4504222778
54176,6376,Arterial,MAJOR,OTTAWA ST S,MOWAT BLVD,WESTMOUNT RD E,1001,1001,,,REGIONAL RD  4,5,REG,TwoWay,REG PLAN 1242,8/13/2002 12:00:00 AM,50,19113,2015,24HR,276.205454403878
54192,21804,Arterial,MAJOR,MANITOU DR,BLEAMS RD,WABANAKI DR,110,148,107,241,REGIONAL RD 69,4,REG,TwoWay,MCP 1036,8/13/2002 12:00:00 AM,60,15845,2015,24HR,479.675392060211
54193,21823,Arterial,MAJOR,MANITOU DR,WABANAKI DR,SASAGA DR,262,280,257,277,REGIONAL RD 69,5,REG,TwoWay,MCP 1036,8/13/2002 12:00:00 AM,60,23737,2015,24HR,149.249926585251
54203,11358,Arterial,MAJOR,CHARLES ST E,MADISON AVE S,MADISON AVE S,,,,,REGIONAL RD 64,2,REG,TwoWay,,,50,12131,2015,24HR,65.0202951158532
54204,11368,Arterial,MAJOR,CHARLES ST E,MADISON AVE S,CAMERON ST S,,,,,REGIONAL RD 64,3,REG,TwoWay,,,50,11967,2015,24HR,63.2974333377786
54216,10129,Arterial,MAJOR,OTTAWA ST N,MCKENZIE AVE,C_PKY STR OFFRAMP,184,248,197,277,REGIONAL RD  4,4,REG,TwoWay,REG PLAN 650,4/22/2003 12:00:00 AM,50,19138,2015,24HR,316.187061677133
54221,17360,Arterial,MAJOR,KING ST E,401 LON ONRAMP,401 LON OFFRAMP,,,4610,4610,REGIONAL RD  8,4,REG,TwoWay,PLAN 170,4/22/2003 12:00:00 AM,50,49793,2015,24HR,190.276546351516
54229,10944,Arterial,MAJOR,HOMER WATSON BLVD,HANSON AVE,BLOCK LINE RD,,,,,REGIONAL RD 28,4,REG,TwoWay,REG PLAN 1335,8/13/2002 12:00:00 AM,50,27150,2015,24HR,695.316432390522
54230,9611,Arterial,MAJOR,HOMER WATSON BLVD,BLOCK LINE RD,BLEAMS RD,701,951,,,REGIONAL RD 28,5,REG,TwoWay,REG PLAN 1376,8/13/2002 12:00:00 AM,70,26448,2015,24HR,1178.69334012438
54247,17196,Arterial,MAJOR,KING ST E,401 LON OFFRAMP,401 LON ONRAMP,,,,,REGIONAL RD  8,4,REG,TwoWay,PLAN 170,4/22/2003 12:00:00 AM,50,49793,2015,24HR,16.9146690877499
54310,22330,Arterial,MAJOR,WEBER ST E,KINZIE AVE,KING ST E,1458,1500,1455,1501,REGIONAL RD  8,5,REG,TwoWay,REG PLAN 589,4/22/2003 12:00:00 AM,50,20346,2015,7-7 MON-FRI,231.641492067154
54332,103067,Roundabout,MAJOR,HOMER WATSON BLVD,BLOCK LINE RD,HOMER WATSON BLVD,,,,,REGIONAL RD 28,3,REG,FromTo,No source will need updating later.,10/19/2011 12:00:00 AM,70,29000,2012,24HR,41.9629602167969
54333,103068,Roundabout,MAJOR,HOMER WATSON BLVD,HOMER WATSON BLVD,BLOCK LINE RD,,,,,REGIONAL RD 28,3,REG,FromTo,No source will need updating later.,10/19/2011 12:00:00 AM,70,6915,2012,24HR,
54334,103066,Roundabout,MAJOR,HOMER WATSON BLVD,BLOCK LINE RD,HOMER WATSON BLVD,,,,,REGIONAL RD 28,3,REG,FromTo,No source will need updating later.,10/19/2011 12:00:00 AM,70,26170,2012,24HR,
54335,103069,Roundabout,MAJOR,HOMER WATSON BLVD,HOMER WATSON BLVD,BLOCK LINE RD,,,,,REGIONAL RD 28,3,REG,FromTo,No source will need updating later.,10/19/2011 12:00:00 AM,70,12900,2012,24HR,41.4758737116063
54340,13126,Arterial,MAJOR,BLOOMINGDALE RD,HORNING DR,PRINCE ST,17,41,8,44,REGIONAL RD 20,2,REG,TwoWay,,,50,9230,2015,24HR,195.703778332992
54345,8774,Arterial,MAJOR,VICTORIA ST S,THERESA ST,PARK ST,151,165,150,162,REGIONAL RD 55,5,REG,TwoWay,REG PLAN 423,4/22/2003 12:00:00 AM,50,20274,2015,24HR,73.9708694155406
54362,6098,Arterial,MAJOR,VICTORIA ST S,HAZELGLEN DR,MONTE CARLO ST,785,805,,,REGIONAL RD 55,4,REG,TwoWay,REG PLAN 1319,4/22/2003 12:00:00 AM,50,18601,2015,24HR,205.859680824775
54369,10038,Arterial,MAJOR,WEBER ST E,EMERALD AVE,DELLROY AVE,1042,1042,1019,1027,REGIONAL RD  8,4,REG,TwoWay,REG PLAN 307,5/30/2003 12:00:00 AM,50,14753,2015,7-7 MON-FRI,89.4398306130773
54370,13146,Arterial,MAJOR,WEBER ST E,DELLROY AVE,EULER AVE,,,,,REGIONAL RD  8,4,REG,TwoWay,REG PLAN 307,5/30/2003 12:00:00 AM,50,14930,2015,7-7 MON-FRI,89.0286807719244
54371,13145,Arterial,MAJOR,WEBER ST E,EULER AVE,BROADVIEW AVE,1082,1086,1077,1103,REGIONAL RD  8,5,REG,TwoWay,REG PLAN 307,5/30/2003 12:00:00 AM,50,15108,2015,7-7 MON-FRI,88.2695190876326
54403,602260,Arterial,MAJOR,IRA NEEDLES BLVD,VICTORIA ST S,GLASGOW ST,,,,,REGIONAL RD 70,4,REG,TwoWay,TRAFFIC,10/1/2007 12:00:00 AM,50,26725,2015,24HR,697.461675780256
54404,601581,Arterial,MAJOR,IRA NEEDLES BLVD,PENELOPE DR,HIGHLAND RD W,,,,,REGIONAL RD 70,4,REG,TwoWay,RP 1551,12/18/2003 12:00:00 AM,50,21708,2015,24HR,542.923213696195
54417,6605,Arterial,MAJOR,WESTMOUNT RD E,GILMOUR CRES,GILMOUR CRES,360,368,359,375,REGIONAL RD 50,4,REG,TwoWay,REG PLAN 1101,4/22/2003 12:00:00 AM,50,19591,2015,7-7 MON-FRI,86.8085301106358
54423,22201,Arterial,MAJOR,KING ST E,FAIRWAY RD N,HOFSTETTER AVE,3011,3305,3012,3310,REGIONAL RD  8,3,REG,TwoWay,REG PLAN 863,4/22/2003 12:00:00 AM,50,16806,2015,24HR,928.20011936617
54451,8915,Arterial,MAJOR,CHARLES ST W,GAUKEL ST,WATER ST S,,,,,REGIONAL RD 64,3,REG,TwoWay,,,50,7522,2015,24HR,178.246206847241
54452,8663,Arterial,MAJOR,HIGHLAND RD W,BELMONT AVE W,ROXBOROUGH AVE,263,277,272,272,REGIONAL RD  6,4,REG,TwoWay,REG PLAN 230,4/22/2003 12:00:00 AM,50,18367,2015,24HR,111.849366499616
54453,20988,Arterial,MAJOR,HIGHLAND RD W,ROXBOROUGH AVE,LAWRENCE AVE,303,339,274,324,REGIONAL RD  6,4,REG,TwoWay,REG PLAN 781,4/22/2003 12:00:00 AM,50,21600,2015,24HR,151.146032394068
54481,1704,Arterial,MAJOR,HIGHLAND RD W,PATRICIA AVE,NORTH DR,169,215,170,222,REGIONAL RD  6,4,REG,TwoWay,REG PLAN 230,4/22/2003 12:00:00 AM,50,18108,2015,24HR,193.923401546231
54492,15161,Arterial,MAJOR,LACKNER BLVD,LORRAINE AVE,BANBURY ST,,,,,REGIONAL RD 54,3,REG,TwoWay,REG PLAN 1594,4/22/2003 12:00:00 AM,60,13056,2015,24HR,299.319216477963
54494,11079,Arterial,MAJOR,VICTORIA ST N,WEBER ST W,WATER ST N,,,115,131,REGIONAL RD 55,5,REG,TwoWay,REG PLAN 374,4/22/2003 12:00:00 AM,50,14540,2015,24HR,151.136243544641
54522,6153,Arterial,MAJOR,FISCHER HALLMAN RD,C_PKY STR OFFRAMP,C_PKY STR OFFRAMP,,,,,REGIONAL RD 58,6,REG,TwoWay,REG PLAN 1052,4/22/2003 12:00:00 AM,50,28238,2015,24HR,263.866682825312
54547,9387,Arterial,MAJOR,COURTLAND AVE E,SYDNEY ST S,BEDFORD RD,522,552,525,553,REGIONAL RD 53,2,REG,TwoWay,REG PLAN 692,4/22/2003 12:00:00 AM,50,9764,2015,24HR,207.368476035956
54548,6890,Arterial,MAJOR,OTTAWA ST S,LILAC ST,ACACIA ST,263,297,258,300,REGIONAL RD  4,2,REG,TwoWay,REG PLAN 242,4/22/2003 12:00:00 AM,50,13452,2015,24HR,137.173930805299
54554,6662,Arterial,MAJOR,VICTORIA ST N,AHRENS ST W,MARGARET AVE,160,200,151,195,REGIONAL RD 55,5,REG,TwoWay,REG PLAN 374,4/22/2003 12:00:00 AM,50,21762,2015,24HR,211.883817379982
54562,6277,Arterial,MAJOR,WESTMOUNT RD W,QUEENS BLVD,OVERLEA DR,21,21,12,80,REGIONAL RD 50,5,REG,TwoWay,REG PLAN 1182,4/22/2003 12:00:00 AM,50,24620,2015,7-7 MON-FRI,338.380483400045
54564,8631,Arterial,MAJOR,VICTORIA ST S,ALICE AVE,PAULANDER DR,549,561,554,592,REGIONAL RD 55,4,REG,TwoWay,GIS STAFF,6/10/2003 12:00:00 AM,50,18872,2015,24HR,205.677174007404
54565,6180,Arterial,MAJOR,FISCHER HALLMAN RD,SUMMIT AVE,FOREST HILL DR,200,270,251,255,REGIONAL RD 58,5,REG,TwoWay,REG PLAN 1057,4/22/2003 12:00:00 AM,50,20351,2015,24HR,331.541335735149
54691,600125,Arterial,MAJOR,IRA NEEDLES BLVD,HIGHVIEW DR,PENELOPE DR,,,,,REGIONAL RD 70,4,REG,TwoWay,RP 1551,12/18/2003 12:00:00 AM,50,19537,2015,24HR,336.469279924162
54719,13085,Arterial,MAJOR,LANCASTER ST W,WAGNER PL,JONES PL,595,609,598,606,REGIONAL RD 29,2,REG,TwoWay,REG PLAN 577,2/10/2003 12:00:00 AM,50,21319,2015,24HR,85.6528390458334
54721,6918,Arterial,MAJOR,FREDERICK ST,CHESTNUT ST,LYDIA ST,286,288,285,289,REGIONAL RD  6,2,REG,TwoWay,REG PLAN 111,4/22/2003 12:00:00 AM,50,13509,2015,7-7 MON-SAT,34.8508756851521
54722,9786,Arterial,MAJOR,FREDERICK ST,MERNER AVE,FILBERT ST,314,324,317,329,REGIONAL RD  6,3,REG,TwoWay,REG PLAN 111,4/22/2003 12:00:00 AM,50,12801,2015,7-7 MON-SAT,60.2673517901025
54734,8560,Arterial,MAJOR,WESTMOUNT RD W,GLASGOW ST,CLAREMONT AVE,627,665,640,662,REGIONAL RD 50,4,REG,TwoWay,REG PLAN 872,4/22/2003 12:00:00 AM,50,18757,2015,7-7 MON-FRI,185.47901644893
54809,9169,Arterial,MAJOR,COURTLAND AVE E,QUEEN ST S,CLEMENS LANE,,,9,11,REGIONAL RD  6,4,REG,TwoWay,REG PLAN 397,4/22/2003 12:00:00 AM,50,16130,2015,24HR,71.3490209755756
54847,603930,Arterial,MAJOR,KING ST E,HELDMANN RD,SPORTSWORLD DR,4341,4355,4336,4336,REGIONAL RD  8,6,REG,TwoWay,PLAN 768,4/22/2003 12:00:00 AM,60,36995,2015,24HR,220.893657441166
54883,21738,Arterial,MAJOR,OTTAWA ST S,INTERNATIONAL PL,WINDFLOWER DR,1701,1701,,,REGIONAL RD  4,2,REG,TwoWay,REG PLAN 1757,7/29/2003 12:00:00 AM,50,9365,2015,24HR,516.967388071618
54896,10099,Arterial,MAJOR,COURTLAND AVE E,SIEBERT AVE,BALZER RD,,,1225,1295,REGIONAL RD 53,5,REG,TwoWay,WDR 282,8/13/2002 12:00:00 AM,50,31777,2015,24HR,249.148618294592
54897,10863,Arterial,MAJOR,COURTLAND AVE E,OVERLAND DR,WALTON AVE,808,844,833,859,REGIONAL RD 53,6,REG,TwoWay,REG PLAN 695,8/13/2002 12:00:00 AM,50,25834,2015,24HR,235.245200632608
54971,12415,Arterial,MAJOR,LANCASTER ST W,HAMEL AVE,BRIDGEPORT RD,493,499,504,518,REGIONAL RD 29,4,REG,TwoWay,58R-7899,2/10/2003 12:00:00 AM,50,11848,2015,24HR,150.168274349433
54972,12419,Arterial,MAJOR,LANCASTER ST W,C_PKY WAT ONRAMP,HAMEL AVE,475,489,,,REGIONAL RD 29,4,REG,TwoWay,58R-1955,4/22/2003 12:00:00 AM,50,16665,2015,24HR,175.650623481606
54977,9196,Arterial,MAJOR,WESTMOUNT RD E,LAURENTIAN DR,DUNSMERE DR,,,777,777,REGIONAL RD 50,4,REG,TwoWay,REG PLAN 1369,8/13/2002 12:00:00 AM,50,16743,2015,24HR,330.534399934508
54978,9783,Arterial,MAJOR,FREDERICK ST,EAST AVE,DUNHAM AVE,346,354,349,355,REGIONAL RD  6,3,REG,TwoWay,REG PLAN 117,4/22/2003 12:00:00 AM,50,14960,2015,7-7 MON-SAT,54.4301345168196
55063,40081,Arterial,MAJOR,KING ST E,KING ST BYPASS OFFRAMP,KING ST BYPASS ONRAMP,,,,,REGIONAL RD  8,5,REG,TwoWay,58R-7412,4/22/2003 12:00:00 AM,50,39075,2015,24HR,319.270294545459
55067,602224,Arterial,MAJOR,BLEAMS RD,FISCHER HALLMAN RD,HELENA FEASBY ST,1375,1385,,,REGIONAL RD 56,3,REG,TwoWay,58M-344,2/18/2005 12:00:00 AM,50,8704,2015,24HR,179.854102608225
55069,9425,Arterial,MAJOR,BLEAMS RD,HELENA FEASBY ST,COMMONWEALTH ST,,,,,REGIONAL RD 56,3,REG,TwoWay,58M-344,2/18/2005 12:00:00 AM,70,7226,2015,24HR,227.510983380418
55076,6149,Arterial,MAJOR,FISCHER HALLMAN RD,C_PKY STR ONRAMP,C_PKY STR OFFRAMP,,,,,REGIONAL RD 58,6,REG,TwoWay,REG PLAN 1052,4/22/2003 12:00:00 AM,50,22429,2008,24HR,9.41054572958291
55083,22435,Arterial,MAJOR,LACKNER BLVD,DAIMLER DR,CORFIELD DR,,,,,REGIONAL RD 54,3,REG,TwoWay,REG PLAN 1628,12/18/2003 12:00:00 AM,60,8690,2015,24HR,496.692661382497
55084,15137,Arterial,MAJOR,LACKNER BLVD,LACKNER PL,EBYDALE DR,,,,,REGIONAL RD 54,3,REG,TwoWay,REG PLAN 1589,4/22/2003 12:00:00 AM,60,11282,2015,24HR,262.183572323796
55085,22544,Arterial,MAJOR,LACKNER BLVD,ZELLER DR,DAIMLER DR,,,,,REGIONAL RD 54,2,REG,TwoWay,REG PLAN 1628,12/18/2003 12:00:00 AM,60,9267,2015,24HR,406.821333140334
55086,23162,Arterial,MAJOR,LACKNER BLVD,BANBURY ST,OTTAWA ST N,,,,,REGIONAL RD 54,2,REG,TwoWay,REG PLAN 1678,4/22/2003 12:00:00 AM,60,12680,2015,24HR,402.240536616079
55087,10184,Arterial,MAJOR,OTTAWA ST N,WEBER ST E,MCKENZIE AVE,160,172,163,167,REGIONAL RD  4,5,REG,TwoWay,REG PLAN 651,4/22/2003 12:00:00 AM,50,18207,2015,24HR,102.817077941553
55088,10112,Arterial,MAJOR,OTTAWA ST N,C_PKY STR ONRAMP,C_PKY STR ONRAMP,,,283,321,REGIONAL RD  4,4,REG,TwoWay,REG PLAN  651,4/22/2003 12:00:00 AM,50,20975,2015,24HR,307.706124026741
55258,10410,Arterial,MAJOR,VICTORIA ST N,FREDERICK ST,FORFAR AVE,1120,1182,1151,1189,REGIONAL RD 55,5,REG,TwoWay,REG PLAN 769,4/22/2003 12:00:00 AM,60,30631,2015,24HR,409.204656705582
55313,9671,Arterial,MAJOR,BLEAMS RD,COLONY DR,TRILLIUM DR,811,831,,,REGIONAL RD 56,3,REG,TwoWay,,,60,14457,2015,7-7 MON-SUN,534.861568827062
55324,40063,Arterial,MAJOR,FISCHER HALLMAN RD,ACTIVA AVE,COTTON GRASS ST,,,,,REGIONAL RD 58,5,REG,TwoWay,REG PLAN 1466,8/13/2002 12:00:00 AM,50,16228,2015,24HR,804.674214246997
55325,600405,Arterial,MAJOR,FISCHER HALLMAN RD,COTTON GRASS ST,WESTMOUNT RD E,1170,1178,1187,1187,REGIONAL RD 58,6,REG,TwoWay,58M-78,8/13/2002 12:00:00 AM,50,16075,2015,24HR,278.474399797333
55326,22103,Arterial,MAJOR,FAIRWAY RD S,KING ST BYPASS OFFRAMP,WABANAKI DR,75,75,200,200,REGIONAL RD 53,6,REG,TwoWay,RCP 1524,4/22/2003 12:00:00 AM,60,31028,2015,24HR,294.788312251191
55327,600416,Arterial,MAJOR,FAIRWAY RD S,WABANAKI DR,WILSON AVE,215,385,286,300,REGIONAL RD 53,6,REG,TwoWay,MCP 962,8/13/2002 12:00:00 AM,50,28698,2015,24HR,482.210611929589
55328,9191,Arterial,MAJOR,WESTMOUNT RD E,DUNSMERE DR,WILLIAMSBURG RD,,,,,REGIONAL RD 50,4,REG,TwoWay,REG PLAN 1369,8/13/2002 12:00:00 AM,50,14082,2015,24HR,99.1590021063043
55329,9537,Arterial,MAJOR,WESTMOUNT RD E,WILLIAMSBURG RD,BLOCK LINE RD,,,,,REGIONAL RD 50,4,REG,TwoWay,REG PLAN 1369,8/13/2002 12:00:00 AM,60,14758,2015,24HR,235.928912597436
55369,6666,Arterial,MAJOR,WEBER ST W,COLLEGE ST,WATER ST N,85,87,80,94,REGIONAL RD  8,4,REG,TwoWay,REG PLAN 401,4/22/2003 12:00:00 AM,50,19928,2015,7-7 MON-FRI,105.672286062348
55409,602192,Arterial,MAJOR,NEW DUNDEE RD,CONESTOGA COLLEGE BLVD,EXECUTIVE PL,121,121,,,REGIONAL RD 12,2,REG,TwoWay,REG PLAN 1666,4/22/2003 12:00:00 AM,50,10619,2015,24HR,517.322646880724
55413,21522,Arterial,MAJOR,NEW DUNDEE RD,DODGE DR,DODGE DR,,,820,1110,REGIONAL RD 12,2,REG,TwoWay,58R-5939,2/9/2004 12:00:00 AM,80,5871,2015,24HR,1278.31344488036
55493,9724,Arterial,MAJOR,BLEAMS RD,TRILLIUM DR,WASHBURN DR,975,975,1000,1000,REGIONAL RD 56,3,REG,TwoWay,,,60,14095,2015,7-7 MON-SUN,589.470823461721
55498,9665,Arterial,MAJOR,BLEAMS RD,STRASBURG RD,COLONY DR,,,,,REGIONAL RD 56,5,REG,TwoWay,,,60,14689,2015,7-7 MON-SUN,362.731898021903
55505,25751,Arterial,MAJOR,WESTMOUNT RD E,BLOCK LINE RD,TILLSLEY DR,,,,,REGIONAL RD 50,3,REG,TwoWay,58M-1,8/13/2002 12:00:00 AM,60,14017,2015,24HR,272.058919828218
55514,6560,Arterial,MAJOR,WESTMOUNT RD E,VILLAGE RD,STONYBROOK DR,248,312,247,255,REGIONAL RD 50,4,REG,TwoWay,REG PLAN 955,4/22/2003 12:00:00 AM,50,20550,2015,7-7 MON-FRI,259.78226852471
55534,9033,Arterial,MAJOR,VICTORIA ST S,KING ST W,HALLS LANE W,,,10,10,REGIONAL RD 55,4,REG,TwoWay,REG PLAN 420,4/22/2003 12:00:00 AM,50,17527,2015,24HR,58.9069107985014
55566,8536,Arterial,MAJOR,VICTORIA ST S,WALNUT ST,STRANGE ST,215,265,210,256,REGIONAL RD 55,4,REG,TwoWay,REG PLAN 179,4/22/2003 12:00:00 AM,50,19765,2015,24HR,222.224444943498
55624,10901,Arterial,MAJOR,OTTAWA ST S,ACACIA ST,MILL ST,309,327,304,320,REGIONAL RD  4,3,REG,TwoWay,REG PLAN 384,4/22/2003 12:00:00 AM,50,13205,2015,24HR,81.4299764306511
55630,20989,Arterial,MAJOR,WESTMOUNT RD W,HIGHLAND RD W,VICMOUNT DR,,,,,REGIONAL RD 50,6,REG,TwoWay,REG PLAN 1319,4/22/2003 12:00:00 AM,60,21886,2015,7-7 MON-FRI,531.550629340421
55643,5463,Arterial,MAJOR,HIGHLAND RD W,GLASGOW ST,TRUSSLER RD,1593,1665,1624,1644,REGIONAL RD  6,2,REG,TwoWay,58R-5833,4/22/2003 12:00:00 AM,70,7803,2015,24HR,371.477881961149
55683,6953,Arterial,MAJOR,LANCASTER ST W,UNION ST,C_PKY STR OFFRAMP,405,419,404,422,REGIONAL RD 29,4,REG,TwoWay,58R-11425,9/9/2003 12:00:00 AM,50,15480,2015,24HR,98.7871778083412
55704,6168,Arterial,MAJOR,WESTMOUNT RD W,VICMOUNT DR,VICTORIA ST S,301,301,,,REGIONAL RD 50,5,REG,TwoWay,REG PLAN 1319,4/22/2003 12:00:00 AM,60,21183,2015,7-7 MON-FRI,167.834828796456
55753,9503,Arterial,MAJOR,OTTAWA ST S,FISCHER HALLMAN RD,INTERNATIONAL PL,1425,1493,1400,1450,REGIONAL RD  4,5,REG,TwoWay,REG PLAN 820,7/29/2003 12:00:00 AM,50,13439,2015,24HR,628.368365221655
55757,22312,Arterial,MAJOR,RIVER RD E,SCENIC DR,MORGAN AVE,1600,1600,1601,1601,REGIONAL RD 56,4,REG,TwoWay,REG PLAN 1114,4/22/2003 12:00:00 AM,50,3485,2013,7-7 MON-SAT,764.785486646614
55854,12610,Arterial,MAJOR,BRIDGE ST W,WOOLWICH ST,WATERLOO BOUNDARY,35,75,40,54,REGIONAL RD 52,2,REG,TwoWay,,,50,13751,2015,24HR,275.466161498552
55914,10877,Arterial,MAJOR,OTTAWA ST S,PATTANDON AVE,HOFFMAN ST,367,419,368,406,REGIONAL RD  4,4,REG,TwoWay,REG PLAN 733,4/22/2003 12:00:00 AM,50,17504,2015,24HR,211.71276114399
55915,21000,Arterial,MAJOR,WESTMOUNT RD E,QUEENS BLVD,GATEWOOD RD,54,54,11,67,REGIONAL RD 50,5,REG,TwoWay,REG PLAN 786,4/22/2003 12:00:00 AM,50,20877,2015,7-7 MON-FRI,188.056028918884
55917,12119,Arterial,MAJOR,KING ST E,KINGSBURY DR,MORGAN AVE,2933,2933,2934,2934,REGIONAL RD  8,5,REG,TwoWay,REG PLAN 589,4/22/2003 12:00:00 AM,50,25524,2015,24HR,41.9558311142296
55928,6647,Arterial,MAJOR,COURTLAND AVE E,PETER ST,CEDAR ST S,102,146,93,147,REGIONAL RD 53,2,REG,TwoWay,REG PLAN 409,4/22/2003 12:00:00 AM,50,13784,2015,24HR,201.694025982192
55929,11293,Arterial,MAJOR,COURTLAND AVE E,HEBEL PL,PETER ST,72,96,75,87,REGIONAL RD 53,2,REG,TwoWay,REG PLAN 409,4/22/2003 12:00:00 AM,50,10631,2015,24HR,114.991110753385
55930,9180,Arterial,MAJOR,COURTLAND AVE E,CLEMENS LANE,BENTON ST,22,38,19,25,REGIONAL RD  53,3,REG,TwoWay,REG PLAN 397,4/22/2003 12:00:00 AM,50,12404,2015,24HR,70.9451266139747
55964,10839,Arterial,MAJOR,OTTAWA ST S,HOMER WATSON BLVD,ALPINE RD,,,707,707,REGIONAL RD  4,6,REG,TwoWay,REG PLAN 1246,8/13/2002 12:00:00 AM,50,29227,2015,24HR,134.787924213723
56034,1258,Arterial,MAJOR,WESTMOUNT RD W,GAGE AVE,WESTWOOD DR,,,,,REGIONAL RD 50,5,REG,TwoWay,REG PLAN 402,4/22/2003 12:00:00 AM,60,22180,2015,7-7 MON-FRI,170.057555160871
56035,1307,Arterial,MAJOR,WESTMOUNT RD W,CHOPIN DR,GAGE AVE,,,,,REGIONAL RD 50,5,REG,TwoWay,REG PLAN 402,4/22/2003 12:00:00 AM,60,22250,2015,7-7 MON-FRI,183.503426139
56036,1310,Arterial,MAJOR,WESTMOUNT RD W,KARN ST,CHOPIN DR,,,,,REGIONAL RD 50,5,REG,TwoWay,REG PLAN 1517,4/22/2003 12:00:00 AM,60,23339,2015,7-7 MON-FRI,142.488385290634
56037,13089,Arterial,MAJOR,LANCASTER ST W,LANG CRES,GENERAL DR,537,555,544,560,REGIONAL RD 29,2,REG,TwoWay,REG PLAN 577,2/10/2003 12:00:00 AM,50,19672,2015,24HR,156.165472728358
56038,11061,Arterial,MAJOR,KING ST W,ANDREW ST,GREEN ST,723,825,730,824,REGIONAL RD 15,3,REG,TwoWay,REG PLAN 9,4/22/2003 12:00:00 AM,50,21661,2015,24HR,347.594467593104
56041,10483,Arterial,MAJOR,LANCASTER ST W,GUELPH ST,ARNOLD ST,193,255,200,248,REGIONAL RD 29,2,REG,TwoWay,REG PLAN 318,4/22/2003 12:00:00 AM,50,12678,2015,24HR,252.743169196543
56084,10242,Arterial,MAJOR,VICTORIA ST N,LACKNER BLVD,FORWELL RD,1486,1560,1475,1561,REGIONAL RD 55,5,REG,TwoWay,REG PLAN 753,4/22/2003 12:00:00 AM,70,31972,2015,24HR,391.162946722094
56093,20994,Arterial,MAJOR,HIGHLAND RD W,BUTLER LANE,WESTMOUNT RD W,403,465,370,470,REGIONAL RD  6,5,REG,TwoWay,MCP 1004,4/22/2003 12:00:00 AM,50,20398,2015,24HR,298.897610690435
56094,20964,Arterial,MAJOR,HIGHLAND RD W,LAWRENCE AVE,BUTLER LANE,359,367,354,370,REGIONAL RD  6,4,REG,TwoWay,REG PLAN 882,4/22/2003 12:00:00 AM,50,21748,2015,24HR,115.480326139427
56095,20991,Arterial,MAJOR,WESTMOUNT RD W,OVERLEA DR,HIGHLAND RD W,,,,,REGIONAL RD 50,6,REG,TwoWay,MCP 1004,4/22/2003 12:00:00 AM,50,23253,2015,7-7 MON-FRI,120.110433617624
56099,21754,Arterial,MAJOR,FISCHER HALLMAN RD,OTTAWA ST S,ACTIVA AVE,660,710,685,715,REGIONAL RD 58,6,REG,TwoWay,REG PLAN 1322,8/13/2002 12:00:00 AM,50,24140,2015,24HR,434.869542809877
56221,1776,Arterial,MAJOR,KING ST W,AGNES ST,ANDREW ST,709,709,698,702,REGIONAL RD 15,2,REG,TwoWay,REG PLAN 377,4/22/2003 12:00:00 AM,50,22195,2015,24HR,66.3750293891749
56378,23166,Arterial,MAJOR,OTTAWA ST N,HERITAGE DR,OLDFIELD DR,,,,,REGIONAL RD  4,6,REG,TwoWay,REG PLAN 1589,4/22/2003 12:00:00 AM,50,12522,2015,24HR,76.4255118478276
56381,8689,Arterial,MAJOR,VICTORIA ST S,STRANGE ST,PATRICIA AVE,271,301,266,326,REGIONAL RD 55,4,REG,TwoWay,REG PLAN 296,4/22/2003 12:00:00 AM,50,19596,2015,24HR,295.170319053355
56433,1717,Arterial,MAJOR,VICTORIA ST S,BELMONT AVE W,LAWRENCE AVE,437,497,442,498,REGIONAL RD 55,3,REG,TwoWay,REG PLAN 266,4/22/2003 12:00:00 AM,50,18185,2015,24HR,246.47102280846
56443,12566,Arterial,MAJOR,BRIDGE ST E,TAGGE ST,STANLEY AVE,137,137,132,196,REGIONAL RD 52,3,REG,TwoWay,,,50,8258,2015,24HR,483.271162340063
56460,12125,Arterial,MAJOR,FAIRWAY RD N,KING ST E,MORGAN AVE,,,25,25,REGIONAL RD 53,5,REG,TwoWay,REG PLAN 589,4/22/2003 12:00:00 AM,50,15980,2015,24HR,183.964049782153
56479,16067,Arterial,MAJOR,KING ST E,SPORTSWORLD DR,CRESSMAN AVE,4391,4457,4396,4438,REGIONAL RD  8,6,REG,TwoWay,REG PLAN 850,4/22/2003 12:00:00 AM,50,38353,2015,24HR,369.990298555091
56482,16022,Arterial,MAJOR,KING ST E,TU LANE ST,LIMERICK DR,4505,4553,,,REGIONAL RD  8,5,REG,TwoWay,REG PLAN 1745,4/22/2003 12:00:00 AM,50,32658,2015,24HR,282.941349268945
56544,9861,Arterial,MAJOR,FREDERICK ST,ANN ST,BRUCE ST,536,570,537,569,REGIONAL RD  6,4,REG,TwoWay,REG PLAN 42,12/18/2003 12:00:00 AM,50,14605,2015,7-7 MON-SAT,137.608857545858
56553,6958,Arterial,MAJOR,VICTORIA ST N,ST LEGER ST,HERMIE PL,280,300,281,333,REGIONAL RD 55,5,REG,TwoWay,REG PLAN 33,4/22/2003 12:00:00 AM,50,22014,2015,24HR,213.228026192684
56558,8898,Arterial,MAJOR,KING ST W,WELLINGTON ST S,LOUISA ST,647,659,648,670,REGIONAL RD 15,3,REG,TwoWay,REG PLAN 377,4/22/2003 12:00:00 AM,50,24968,2015,24HR,120.67310087169
56568,10142,Arterial,MAJOR,WEBER ST E,RAYMOND RD,EDMUND RD,646,668,641,667,REGIONAL RD  8,4,REG,TwoWay,REG PLAN 657,4/22/2003 12:00:00 AM,50,17169,2015,7-7 MON-FRI,101.116650938829
56569,11675,Arterial,MAJOR,WEBER ST E,EDMUND RD,JACKSON AVE,678,688,677,685,REGIONAL RD  8,4,REG,TwoWay,REG PLAN 657,4/22/2003 12:00:00 AM,50,17224,2015,7-7 MON-FRI,101.305527027199
56571,11704,Arterial,MAJOR,WEBER ST E,OTTAWA ST N,SYDNEY ST N,536,562,533,559,REGIONAL RD  8,5,REG,TwoWay,REG PLAN 656,4/22/2003 12:00:00 AM,50,17002,2015,7-7 MON-FRI,122.042285321736
56572,10143,Arterial,MAJOR,WEBER ST E,SHELDON AVE N,RAYMOND RD,622,636,621,635,REGIONAL RD  8,4,REG,TwoWay,REG PLAN 657,4/22/2003 12:00:00 AM,50,17113,2015,7-7 MON-FRI,107.369120518323
56584,1726,Arterial,MAJOR,VICTORIA ST S,WEICHEL ST,WESTMOUNT RD W,667,675,676,680,REGIONAL RD 55,5,REG,TwoWay,REG PLAN 1256,4/22/2003 12:00:00 AM,50,22475,2015,24HR,115.40493047718
56591,13041,Arterial,MAJOR,BLOOMINGDALE RD,NELSON AVE,DANIEL AVE,145,155,164,196,REGIONAL RD 20,2,REG,TwoWay,,,50,10635,2015,24HR,296.243996009254
56604,9217,Arterial,MAJOR,OTTAWA ST N,ROSEDALE AVE,WEBER ST E,120,130,107,113,REGIONAL RD  4,5,REG,TwoWay,REG PLAN 656,4/22/2003 12:00:00 AM,50,18532,2015,24HR,162.864082712216
56613,21423,Arterial,MAJOR,FISCHER HALLMAN RD,PLAINS RD,NEW DUNDEE RD,1990,2320,2015,2315,REGIONAL RD 58,2,REG,TwoWay,REG PLAN 58R-1754,2/9/2004 12:00:00 AM,60,10840,2015,24HR,1881.13074392916
56624,6390,Arterial,MAJOR,WESTMOUNT RD E,GILMOUR CRES,OTTAWA ST S,380,380,379,645,REGIONAL RD 50,5,REG,TwoWay,REG PLAN 1101,4/22/2003 12:00:00 AM,50,19717,2015,7-7 MON-FRI,423.900189713008
56636,12694,Arterial,MAJOR,EDNA ST,C_PKY STR OFFRAMP,C_PKY STR ONRAMP,,,57,57,REGIONAL RD 62,4,REG,TwoWay,REG PLAN 724,4/22/2003 12:00:00 AM,50,20690,2015,7-7 MON-SAT,16.3541192635451
56637,12573,Arterial,MAJOR,BLOOMINGDALE RD,COLYER PL,STANLEY AVE,95,117,96,118,REGIONAL RD 20,2,REG,TwoWay,,,50,10747,2015,24HR,137.308879802349
56657,23067,Arterial,MAJOR,FAIRWAY RD N,THALER AVE,CHICOPEE PARK CRT,222,228,189,227,REGIONAL RD 53,4,REG,TwoWay,REG PLAN 1260,4/22/2003 12:00:00 AM,50,19441,2015,24HR,114.497659089271
56669,16029,Arterial,MAJOR,KING ST E,CRESSMAN AVE,TU LANE ST,4475,4503,4500,4500,REGIONAL RD  8,5,REG,TwoWay,REG PLAN 850,4/22/2003 12:00:00 AM,50,41821,2015,24HR,140.861297565468
56673,12116,Arterial,MAJOR,KING ST E,MORGAN AVE,FAIRWAY RD N,2959,2979,2960,2980,REGIONAL RD  8,6,REG,TwoWay,REG PLAN 589,4/22/2003 12:00:00 AM,50,22263,2015,24HR,178.838888177074
56674,22454,Arterial,MAJOR,LACKNER BLVD,CORFIELD DR,FAIRWAY CRES,,,,,REGIONAL RD 54,3,REG,TwoWay,REG PLAN 1647,4/22/2003 12:00:00 AM,60,9128,2015,24HR,191.70678888866
56682,6744,Arterial,MAJOR,FREDERICK ST,DUKE ST E,WEBER ST E,60,96,85,97,REGIONAL RD  6,4,REG,TwoWay,REG PLAN 348,4/22/2003 12:00:00 AM,50,8470,2015,7-7 MON-SAT,133.441625184877
56713,6903,Arterial,MAJOR,CHARLES ST E,CAMERON ST S,PANDORA AVE S,310,332,301,355,REGIONAL RD 64,2,REG,TwoWay,,,50,11867,2015,24HR,183.15870590279
56737,22392,Arterial,MAJOR,KING ST E,RIVER RD E,MORRISON RD,3450,3450,3453,3453,REGIONAL RD  8,3,REG,TwoWay,REG PLAN 1310,4/22/2003 12:00:00 AM,50,15480,2015,24HR,328.03928731363
56766,40257,Arterial,MAJOR,BLOOMINGDALE RD,PRINCE ST,COLYER PL,49,83,48,94,REGIONAL RD 20,2,REG,TwoWay,,,50,9989,2015,24HR,286.641929513929
56767,16244,Arterial,MAJOR,KING ST E,KING ST BYPASS OFFRAMP,DEER RIDGE DR,4169,4195,4164,4202,REGIONAL RD  8,5,REG,TwoWay,58R-7412,4/22/2003 12:00:00 AM,50,39075,2015,24HR,215.577147079755
56774,1720,Arterial,MAJOR,VICTORIA ST S,LAWRENCE AVE,ALICE AVE,517,541,512,538,REGIONAL RD 55,4,REG,TwoWay,REG PLAN 645,4/22/2003 12:00:00 AM,50,19252,2015,24HR,120.906506367197
56776,13144,Arterial,MAJOR,WEBER ST E,PINECREST DR,ARLINGTON BLVD,,,1191,1191,REGIONAL RD  8,5,REG,TwoWay,REG PLAN 267,5/30/2003 12:00:00 AM,50,20548,2015,7-7 MON-FRI,87.5049316558933
56789,22491,Arterial,MAJOR,LACKNER BLVD,BRYAN CRT,ZELLER DR,,,,,REGIONAL RD 54,3,REG,TwoWay,REG PLAN 1806,4/22/2003 12:00:00 AM,60,12672,2015,24HR,294.204104206265
56800,9375,Arterial,MAJOR,OTTAWA ST S,DUNDAS AVE,BEDFORD RD,145,161,,,REGIONAL RD  4,2,REG,TwoWay,REG PLAN 262,4/22/2003 12:00:00 AM,50,14825,2015,24HR,85.4771683446713
56808,11131,Arterial,MAJOR,FREDERICK ST,GORDON AVE,SAMUEL ST,,,247,247,REGIONAL RD  6,2,REG,TwoWay,REG PLAN 424,4/22/2003 12:00:00 AM,50,14455,2015,7-7 MON-SAT,29.0910787184427
56809,11128,Arterial,MAJOR,FREDERICK ST,SAMUEL ST,PEQUEGNAT AVE,250,264,257,265,REGIONAL RD  6,2,REG,TwoWay,REG PLAN 424,4/22/2003 12:00:00 AM,50,14216,2015,7-7 MON-SAT,69.1101217198421
56810,6917,Arterial,MAJOR,FREDERICK ST,SIMEON ST,CHESTNUT ST,274,284,271,281,REGIONAL RD  6,2,REG,TwoWay,REG PLAN 111,4/22/2003 12:00:00 AM,50,13746,2015,7-7 MON-SAT,63.0905976193857
56811,11099,Arterial,MAJOR,WEBER ST W,VICTORIA ST N,WELLINGTON ST N,121,143,122,126,REGIONAL RD  8,5,REG,TwoWay,REG PLAN 376,4/22/2003 12:00:00 AM,50,39155,2003,7-7 MON-FRI,270.585277042777
56817,6894,Arterial,MAJOR,COURTLAND AVE E,BORDEN AVE S,GRENVILLE AVE,406,418,397,419,REGIONAL RD 53,2,REG,TwoWay,REG PLAN 242,4/22/2003 12:00:00 AM,50,11219,2015,24HR,96.9324252117351
56818,9373,Arterial,MAJOR,COURTLAND AVE E,OTTAWA ST S,SYDNEY ST S,464,492,453,505,REGIONAL RD 53,3,REG,TwoWay,REG PLAN 262,4/22/2003 12:00:00 AM,50,9353,2015,24HR,196.764371588795
56821,7063,Arterial,MAJOR,WEBER ST W,WELLINGTON ST N,LOUISA ST,153,161,152,160,REGIONAL RD  8,5,REG,TwoWay,REG PLAN 376,4/22/2003 12:00:00 AM,50,18210,2015,7-7 MON-FRI,97.1538758438593
56838,6700,Collector,MAJOR,DUKE ST W,ONTARIO ST N,YOUNG ST,45,85,42,56,REGIONAL RD 63,2,REG,TwoWay,REG PLAN 401,4/22/2003 12:00:00 AM,50,5979,2015,24HR,168.766270787816
56839,6804,Collector,MAJOR,DUKE ST W,QUEEN ST N,ONTARIO ST N,7,7,10,32,REGIONAL RD 63,2,REG,TwoWay,REG PLAN 396,4/22/2003 12:00:00 AM,50,6819,2015,24HR,119.503927734806
56840,8950,Collector,MAJOR,DUKE ST W,COLLEGE ST,WATER ST N,,,150,166,REGIONAL RD 63,2,REG,TwoWay,REG PLAN 374,4/22/2003 12:00:00 AM,50,5725,2015,24HR,106.227793654556
56841,8941,Collector,MAJOR,DUKE ST W,WATER ST N,FRANCIS ST N,,,,,REGIONAL RD 63,3,REG,TwoWay,REG PLAN 41,4/22/2003 12:00:00 AM,50,5910,2015,24HR,105.75827273129
56843,4299,Arterial,MAJOR,IRA NEEDLES BLVD,THE BOARDWALK,UNIVERSITY AVE W,,,,,REGIONAL RD 70,4,REG,TwoWay,58R-6517,2/18/2004 12:00:00 AM,50,22796,2015,24HR,188.036043718907
56850,6888,Arterial,MAJOR,COURTLAND AVE E,GRENVILLE AVE,OTTAWA ST S,420,440,421,443,REGIONAL RD 53,3,REG,TwoWay,REG PLAN 242,4/22/2003 12:00:00 AM,50,10544,2015,24HR,91.0625735774154
56861,9756,Arterial,MAJOR,FISCHER HALLMAN RD,ROCKWOOD RD,BLEAMS RD,1198,1198,1193,1201,REGIONAL RD 58,5,REG,TwoWay,58R-7094,8/13/2002 12:00:00 AM,60,20516,2015,24HR,214.381734768331
56862,11454,Arterial,MAJOR,COURTLAND AVE E,BEDFORD RD,MILL ST,,,,,REGIONAL RD 53,3,REG,TwoWay,REG PLAN 384,4/22/2003 12:00:00 AM,50,16623,2015,24HR,9.51353204762254
56864,6886,Arterial,MAJOR,OTTAWA ST S,COURTLAND AVE E,LILAC ST,241,253,246,254,REGIONAL RD  4,3,REG,TwoWay,REG PLAN 242,4/22/2003 12:00:00 AM,50,13697,2015,24HR,86.9958134172771
56893,6846,Arterial,MAJOR,WEBER ST E,BETZNER AVE N,PANDORA AVE N,178,194,177,191,REGIONAL RD  8,4,REG,TwoWay,REG PLAN 129,4/22/2003 12:00:00 AM,50,17680,2015,7-7 MON-FRI,86.9752539520142
56907,5734,Arterial,MAJOR,QUEEN ST S,WOODSIDE AVE,BROCK ST,,,694,724,REGIONAL RD  6,3,REG,TwoWay,REG PLAN 297,4/22/2003 12:00:00 AM,50,16241,2015,24HR,59.5695682859899
56910,11680,Arterial,MAJOR,KING ST E,SHELDON AVE N,SHELDON AVE S,,,,,REGIONAL RD 15,3,REG,TwoWay,REG PLAN 404,4/22/2003 12:00:00 AM,50,12236,2015,24HR,28.4440731954398
56916,11732,Arterial,MAJOR,KING ST E,OTTAWA ST S,SYDNEY ST S,1105,1183,1122,1196,REGIONAL RD 15,5,REG,TwoWay,REG PLAN 404,4/22/2003 12:00:00 AM,50,12120,2015,24HR,162.493897025873
56931,11513,Arterial,MAJOR,OTTAWA ST N,FRANKLIN ST N,HICKSON DR,,,,,REGIONAL RD  4,5,REG,TwoWay,REG PLAN 1053,12/18/2003 12:00:00 AM,50,23513,2015,7-7 MON-SAT,198.453492506595
56932,11516,Arterial,MAJOR,OTTAWA ST N,HICKSON DR,MIDLAND DR,,,,,REGIONAL RD  4,5,REG,TwoWay,REG PLAN 1053,12/18/2003 12:00:00 AM,50,24148,2015,7-7 MON-SAT,48.8837023007569
56942,10250,Arterial,MAJOR,LACKNER BLVD,VICTORIA ST N,KEEWATIN AVE,,,,,REGIONAL RD 54,5,REG,TwoWay,REG PLAN 1627,4/22/2003 12:00:00 AM,60,14832,2015,24HR,320.097394257889
56962,9232,Arterial,MAJOR,OTTAWA ST N,KING ST E,BRICK ST,,,11,11,REGIONAL RD  4,4,REG,TwoWay,REG PLAN 316,4/22/2003 12:00:00 AM,50,15841,2015,24HR,112.118317036241
56963,11696,Arterial,MAJOR,OTTAWA ST N,BRICK ST,ROSEDALE AVE,20,20,15,35,REGIONAL RD  4,4,REG,TwoWay,GIS STAFF,12/9/2003 12:00:00 AM,50,16940,2015,24HR,161.938773084252
56964,6904,Arterial,MAJOR,CHARLES ST E,PANDORA AVE S,STIRLING AVE S,354,360,355,355,REGIONAL RD 64,3,REG,TwoWay,,,50,11896,2015,24HR,132.950684559905
56965,6985,Arterial,MAJOR,LANCASTER ST W,C_PKY WAT ONRAMP,C_PKY STR OFFRAMP,425,425,428,454,REGIONAL RD 29,4,REG,TwoWay,58R-1955,9/9/2003 12:00:00 AM,50,23451,2015,24HR,188.288924068094
56971,12936,Arterial,MAJOR,BRIDGE ST E,STANLEY AVE,HOLLINGER CRES,299,353,300,300,REGIONAL RD 52,3,REG,TwoWay,,,60,7868,2015,24HR,336.864121427677
57002,602105,Arterial,MAJOR,LACKNER BLVD,VICTORIA ST N,KEEWATIN AVE,,,,,REGIONAL RD 54,2,REG,TwoWay,REG PLAN 1627,4/22/2003 12:00:00 AM,50,31972,2015,24HR,522.592180547093
57021,6704,Arterial,MAJOR,CHARLES ST W,QUEEN ST S,ONTARIO ST S,,,,,REGIONAL RD 64,3,REG,TwoWay,GIS,5/6/2009 12:00:00 AM,50,8963,2015,24HR,109.191588204431
57022,6687,Arterial,MAJOR,CHARLES ST W,ONTARIO ST S,GAUKEL ST,15,15,6,26,REGIONAL RD 64,3,REG,TwoWay,GIS,5/6/2009 12:00:00 AM,50,8378,2015,24HR,170.819926721409
57023,11687,Arterial,MAJOR,KING ST E,SYDNEY ST N,SHELDON AVE N,1227,1253,1206,1258,REGIONAL RD 15,3,REG,TwoWay,REG PLAN 404,4/22/2003 12:00:00 AM,50,11701,2015,24HR,90.3308808888404
57024,6899,Arterial,MAJOR,COURTLAND AVE E,KENT AVE,BORDEN AVE S,380,390,,,REGIONAL RD 53,2,REG,TwoWay,REG PLAN 404,4/22/2003 12:00:00 AM,50,11706,2015,24HR,189.170210079158
57039,8684,Arterial,MAJOR,VICTORIA ST S,PATRICIA AVE,BELMONT AVE W,319,415,342,418,REGIONAL RD 55,4,REG,TwoWay,GIS STAFF,6/10/2003 12:00:00 AM,50,16892,2015,24HR,271.863861286728
57040,11681,Arterial,MAJOR,KING ST E,SHELDON AVE S,PRESTON ST,1321,1333,1290,1334,REGIONAL RD 15,3,REG,TwoWay,REG PLAN 404,4/22/2003 12:00:00 AM,50,14324,2015,24HR,92.7175272963817
57041,25602,Ramp,MAJOR,HOMER WATSON OFFRAMP,HOMER WATSON BLVD,HURON RD,,,,,REGIONAL RD 28,1,REG,FromTo,REG PLAN 576,4/22/2003 12:00:00 AM,50,29206,2015,24HR,389.922048552375
57042,10414,Arterial,MAJOR,VICTORIA ST N,FORFAR AVE,NATCHEZ RD,1200,1278,1201,1271,REGIONAL RD 55,5,REG,TwoWay,REG PLAN 769,4/22/2003 12:00:00 AM,60,31180,2015,24HR,373.794735711658
57049,10030,Arterial,MAJOR,WEBER ST E,SHANTZ LANE,ROSS AVE,,,,,REGIONAL RD  8,4,REG,TwoWay,MCP 765,5/30/2003 12:00:00 AM,50,16236,2015,7-7 MON-FRI,91.6849736139644
57054,5901,Arterial,MAJOR,KING ST W,FRANCIS ST N,VICTORIA ST N,399,417,404,410,REGIONAL RD 15,4,REG,TwoWay,REG PLAN 374,4/22/2003 12:00:00 AM,50,9897,2014,24HR,155.319755360977
57055,8942,Collector,MINOR,FRANCIS ST N,KING ST W,BELL LANE,,,,,REGIONAL RD 68,4,REG,TwoWay,REG PLAN 41,4/22/2003 12:00:00 AM,50,2521,2015,24HR,57.3078161263348
57056,8944,Collector,MINOR,FRANCIS ST N,BELL LANE,DUKE ST W,42,42,,,REGIONAL RD 68,4,REG,TwoWay,REG PLAN 41,4/22/2003 12:00:00 AM,50,2427,2015,24HR,88.1318108234376
57057,6663,Collector,MAJOR,DUKE ST W,YOUNG ST,COLLEGE ST,111,111,96,120,REGIONAL RD 63,2,REG,TwoWay,GIS STAFF,4/22/2003 12:00:00 AM,50,5334,2015,24HR,113.633602995837
57058,6743,Collector,MAJOR,DUKE ST E,QUEEN ST N,FREDERICK ST,2,22,15,29,REGIONAL RD 63,2,REG,TwoWay,REG PLAN 348,4/22/2003 12:00:00 AM,50,5241,2015,24HR,125.413959231399
57079,10199,Arterial,MAJOR,OTTAWA ST N,DREGER AVE,FRANKLIN ST N,,,,,REGIONAL RD  4,5,REG,TwoWay,REG PLAN 1055,12/18/2003 12:00:00 AM,50,22879,2015,7-7 MON-SAT,182.140060630986
57080,10487,Arterial,MAJOR,LANCASTER ST W,ELIZABETH ST,CLIFTON RD,295,299,,,REGIONAL RD 29,2,REG,TwoWay,REG PLAN 666,4/22/2003 12:00:00 AM,50,12582,2015,24HR,26.7242926441976
57081,12416,Arterial,MAJOR,LANCASTER ST W,BRIDGEPORT RD,LANG CRES,531,531,526,528,REGIONAL RD 29,4,REG,TwoWay,58R-3141,2/10/2003 12:00:00 AM,50,19984,2015,24HR,99.5838166744755
57082,602126,Roundabout,MAJOR,IRA NEEDLES BLVD,IRA NEEDLES BLVD,HIGHLAND RD W,,,,,REGIONAL RD 70,2,REG,FromTo,PUBLIC,12/22/2006 12:00:00 AM,50,35030,2015,24HR,35.8533121941799
57087,6306,Arterial,MAJOR,OTTAWA ST S,VALLEYVIEW RD,NINE PINES RD,1265,1275,,,REGIONAL RD  4,4,REG,TwoWay,REG PLAN 748,8/13/2002 12:00:00 AM,60,20540,2015,24HR,79.1646366080385
57088,6292,Arterial,MAJOR,OTTAWA ST S,WILLIAMSBURG RD,VALLEYVIEW RD,1239,1257,1228,1254,REGIONAL RD  4,4,REG,TwoWay,REG PLAN 748,8/13/2002 12:00:00 AM,60,18129,2015,24HR,164.701575599517
57092,22626,Arterial,MAJOR,NEW DUNDEE RD,PINNACLE DR,ROBERT FERRIE DR,525,547,398,448,REGIONAL RD 12,2,REG,TwoWay,PLAN 675,2/9/2004 12:00:00 AM,80,7824,2015,24HR,802.254572325059
57097,6946,Arterial,MAJOR,VICTORIA ST N,FILBERT ST,DUNHAM AVE,528,528,529,537,REGIONAL RD 55,4,REG,TwoWay,GIS STAFF,6/10/2003 12:00:00 AM,50,27109,2015,24HR,95.8329647879354
57098,12688,Arterial,MAJOR,VICTORIA ST N,EDNA ST,BRUCE ST,632,800,607,663,REGIONAL RD 55,5,REG,TwoWay,MCP 763,4/22/2003 12:00:00 AM,60,32036,2015,24HR,513.023040348058
57099,12691,Arterial,MAJOR,EDNA ST,VICTORIA ST N,C_PKY STR OFFRAMP,36,46,29,53,REGIONAL RD 62,4,REG,TwoWay,REG PLAN 653,4/22/2003 12:00:00 AM,50,13363,2015,24HR,137.184088335234
57100,12667,Arterial,MAJOR,BRUCE ST,C_PKY WAT OFFRAMP,C_PKY WAT ONRAMP,,,,,REGIONAL RD 61,4,REG,TwoWay,QC,12/18/2003 12:00:00 AM,50,19198,2015,7-7 MON-SAT,9.52695102170982
57108,40198,Arterial,MAJOR,WESTMOUNT RD E,TILLSLEY DR,FISCHER HALLMAN RD,,,,,REGIONAL RD 50,4,REG,TwoWay,REG PLAN 58M-78,8/13/2002 12:00:00 AM,60,13477,2015,24HR,345.961990334288
57131,8933,Arterial,MAJOR,CHARLES ST W,WATER ST S,FRANCIS ST S,,,,,REGIONAL RD 64,3,REG,TwoWay,,,50,8811,2015,24HR,163.270397310905
57132,5730,Arterial,MAJOR,QUEEN ST S,BROCK ST,HIGHLAND RD W,753,775,744,790,REGIONAL RD  6,4,REG,TwoWay,REG PLAN 158,4/22/2003 12:00:00 AM,50,15742,2015,24HR,94.0962750901081
57143,10381,Arterial,MAJOR,LANCASTER ST W,ASH ST,UNION ST,321,383,308,392,REGIONAL RD 29,2,REG,TwoWay,REG PLAN 666,4/22/2003 12:00:00 AM,50,14076,2015,24HR,216.963110286847
57191,23069,Arterial,MAJOR,FAIRWAY RD N,CHICOPEE PARK CRT,RIVER RD E,264,264,,,REGIONAL RD 53,4,REG,TwoWay,REG PLAN 1114,5/30/2003 12:00:00 AM,50,15753,2015,7-7 MON-SAT,114.32370210507
57192,23037,Arterial,MAJOR,RIVER RD E,FAIRWAY RD N,SCENIC DR,,,1401,1401,REGIONAL RD 56,4,REG,TwoWay,REG PLAN 1114,5/30/2003 12:00:00 AM,60,7844,2015,7-7 MON-SAT,259.982498340729
57219,6968,Arterial,MAJOR,VICTORIA ST N,HERMIE PL,LANCASTER ST W,338,360,341,343,REGIONAL RD 55,5,REG,TwoWay,REG PLAN 33,4/22/2003 12:00:00 AM,50,23226,2015,24HR,65.1792856363358
57257,602123,Roundabout,MAJOR,IRA NEEDLES BLVD,HIGHLAND RD W,IRA NEEDLES BLVD,,,,,REGIONAL RD 70,2,REG,FromTo,PUBLIC,12/22/2006 12:00:00 AM,50,35030,2015,24HR,33.0889658204281
57258,602096,Arterial,MAJOR,HIGHLAND RD W,IRA NEEDLES BLVD,GLASGOW ST,1535,1575,1500,1572,REGIONAL RD  6,2,REG,TwoWay,REG PLAN 1790,4/22/2003 12:00:00 AM,50,7035,2015,24HR,311.825395805524
57259,602125,Roundabout,MAJOR,IRA NEEDLES BLVD,HIGHLAND RD W,IRA NEEDLES BLVD,,,,,REGIONAL RD 70,2,REG,FromTo,PUBLIC,12/22/2006 12:00:00 AM,50,35030,2015,24HR,30.9657590153863
57261,5589,Arterial,MAJOR,HIGHLAND RD W,WESTFOREST TRAIL,IRA NEEDLES BLVD,1413,1413,1358,1460,REGIONAL RD  6,2,REG,TwoWay,REG PLAN 1790,4/22/2003 12:00:00 AM,70,11122,2015,24HR,712.201715874917
57267,1746,Arterial,MAJOR,KING ST W,LOUISA ST,AGNES ST,679,693,690,690,REGIONAL RD 15,2,REG,TwoWay,REG PLAN 377,4/22/2003 12:00:00 AM,50,22102,2015,24HR,66.1577271137141
57268,1734,Arterial,MAJOR,KING ST W,BREITHAUPT ST,WELLINGTON ST S,607,641,600,624,REGIONAL RD 15,3,REG,TwoWay,REG PLAN 437,4/22/2003 12:00:00 AM,50,23971,2015,24HR,169.869321240698
57284,9222,Arterial,MAJOR,CHARLES ST E,KENT AVE,BORDEN AVE S,432,480,445,485,REGIONAL RD 64,3,REG,TwoWay,,,50,12440,2015,24HR,270.598879382453
57303,8515,Arterial,MAJOR,VICTORIA ST S,PAULANDER DR,WEICHEL ST,643,663,614,640,REGIONAL RD 55,4,REG,TwoWay,REG PLAN 1168,4/22/2003 12:00:00 AM,50,19820,2015,24HR,164.245047456965
57310,6798,Arterial,MAJOR,VICTORIA ST N,CHESTNUT ST,LOCUST ST,396,396,411,415,REGIONAL RD 55,4,REG,TwoWay,REG PLAN 354,4/22/2003 12:00:00 AM,50,27780,2015,24HR,98.1145281795436
57311,6794,Arterial,MAJOR,VICTORIA ST N,LOCUST ST,FILBERT ST,480,480,495,507,REGIONAL RD 55,4,REG,TwoWay,REG PLAN 157,4/22/2003 12:00:00 AM,50,27311,2015,24HR,96.350167695685
57312,5898,Arterial,MAJOR,VICTORIA ST N,KING ST W,DUKE ST W,16,60,45,55,REGIONAL RD 55,5,REG,TwoWay,REG PLAN 374,4/22/2003 12:00:00 AM,50,14774,2007,24HR,251.991183109318
57318,12100,Arterial,MAJOR,VICTORIA ST N,FORWELL RD,CENTENNIAL RD,1572,1764,1575,1705,REGIONAL RD 55,5,REG,TwoWay,REG PLAN 1698,4/22/2003 12:00:00 AM,70,29380,2015,24HR,652.774682134198
57326,6377,Arterial,MAJOR,OTTAWA ST S,HOWLAND DR,MOWAT BLVD,,,,,REGIONAL RD  4,4,REG,TwoWay,REG PLAN 1242,8/13/2002 12:00:00 AM,50,18309,2015,24HR,96.4434164378793
57342,25601,Arterial,MAJOR,HURON RD,HOMER WATSON ONRAMP,HOMER WATSON OFFRAMP,,,,,REGIONAL RD 28,2,REG,TwoWay,REG PLAN 576,4/22/2003 12:00:00 AM,50,6257,2015,7-7 MON-SUN,306.452159948104
57349,22350,Arterial,MAJOR,WEBER ST E,FERGUS AVE,KINZIE AVE,1334,1426,1335,1425,REGIONAL RD  8,5,REG,TwoWay,REG PLAN 589,5/30/2003 12:00:00 AM,50,23134,2015,7-7 MON-FRI,324.873212788171
57387,20652,Arterial,MAJOR,FISCHER HALLMAN RD,VICTORIA ST S,BANKSIDE DR,,,,,REGIONAL RD 58,6,REG,TwoWay,REG PLAN 1713,4/22/2003 12:00:00 AM,60,24237,2015,24HR,353.998849328516
57388,20631,Arterial,MAJOR,VICTORIA ST S,MONTE CARLO ST,FISCHER HALLMAN RD,,,,,REGIONAL RD 55,5,REG,TwoWay,REG PLAN 1257,4/22/2003 12:00:00 AM,50,17868,2015,24HR,264.743413296241
57443,6787,Arterial,MAJOR,VICTORIA ST N,ELLEN ST W,ST LEGER ST,264,264,239,277,REGIONAL RD 55,5,REG,TwoWay,REG PLAN 374,4/22/2003 12:00:00 AM,50,22732,2015,24HR,159.880053608911
57444,22928,Arterial,MAJOR,OTTAWA ST N,MIDLAND DR,CROSBY DR,,,,,REGIONAL RD  4,5,REG,TwoWay,REG PLAN 1055,12/18/2003 12:00:00 AM,50,23175,2015,7-7 MON-SAT,180.051859681184
57468,12677,Arterial,MAJOR,BRUCE ST,VICTORIA ST N,C_PKY WAT ONRAMP,,,25,37,REGIONAL RD 61,4,REG,TwoWay,QC,12/18/2003 12:00:00 AM,50,12505,2015,24HR,129.41026496015
57469,12675,Arterial,MAJOR,BRUCE ST,C_PKY WAT OFFRAMP,EPHRAIM ST,52,56,53,63,REGIONAL RD 61,4,REG,TwoWay,QC,12/18/2003 12:00:00 AM,50,9338,2015,7-7 MON-SAT,64.8921254340135
57498,11450,Arterial,MAJOR,COURTLAND AVE E,CARWOOD AVE,C_PKY STR OFFRAMP,,,,,REGIONAL RD 53,5,REG,TwoWay,REG PLAN 384,4/22/2003 12:00:00 AM,50,16106,2015,24HR,180.954326449755
57499,11743,Arterial,MAJOR,OTTAWA ST S,HOFFMAN ST,KEHL ST,425,483,426,514,REGIONAL RD  4,4,REG,TwoWay,REG PLAN 384,4/22/2003 12:00:00 AM,50,16417,2015,24HR,294.530718323532
57507,6565,Arterial,MAJOR,WESTMOUNT RD E,STONYBROOK DR,GILMOUR CRES,338,352,335,355,REGIONAL RD 50,4,REG,TwoWay,REG PLAN 883,4/22/2003 12:00:00 AM,50,19465,2015,7-7 MON-FRI,111.863358165694
57517,7064,Arterial,MAJOR,WEBER ST W,LOUISA ST,WILHELM ST,,,200,200,REGIONAL RD  8,4,REG,TwoWay,REG PLAN 275,4/22/2003 12:00:00 AM,50,18035,2015,7-7 MON-FRI,167.902291977237
57524,10182,Arterial,MAJOR,WEBER ST E,EAST AVE,OTTAWA ST N,,,,,REGIONAL RD  8,5,REG,TwoWay,REG PLAN 299,4/22/2003 12:00:00 AM,50,16947,2015,7-7 MON-FRI,20.287077284695
57525,6479,Arterial,MAJOR,WEBER ST W,ONTARIO ST N,YOUNG ST,35,41,28,56,REGIONAL RD  8,4,REG,TwoWay,REG PLAN 401,4/22/2003 12:00:00 AM,50,19478,2015,7-7 MON-FRI,168.674452149797
57540,20717,Arterial,MAJOR,HIGHLAND RD W,HIGHLAND CRES,FIELDGATE ST,563,563,550,554,REGIONAL RD  6,4,REG,TwoWay,REG PLAN 1308,4/22/2003 12:00:00 AM,60,14183,2015,24HR,338.28041134131
57543,9919,Arterial,MAJOR,VICTORIA ST N,TURNER AVE,FREDERICK ST,990,1080,991,1069,REGIONAL RD 55,6,REG,TwoWay,REG PLAN 705,4/22/2003 12:00:00 AM,60,31708,2015,24HR,347.264662339751
57609,601699,Arterial,MAJOR,BLEAMS RD,COMMONWEALTH ST,FORESTWALK ST,,,,,REGIONAL RD 56,2,REG,TwoWay,58M-344,2/18/2005 12:00:00 AM,70,5841,2015,24HR,349.902427365043
57610,11521,Arterial,MAJOR,COURTLAND AVE E,C_PKY STR OFFRAMP,C_PKY STR ONRAMP,,,,,REGIONAL RD 53,5,REG,TwoWay,MCP 791,4/22/2003 12:00:00 AM,50,21527,2015,24HR,15.5657572891268
57661,11390,Arterial,MAJOR,COURTLAND AVE E,STIRLING AVE S,STIRLING AVE S,,,,,REGIONAL RD 53,4,REG,TwoWay,REG PLAN 368,4/22/2003 12:00:00 AM,50,21822,2015,24HR,51.6157511235864
57664,5735,Arterial,MAJOR,QUEEN ST S,HOMEWOOD AVE,WOODSIDE AVE,,,,,REGIONAL RD  6,3,REG,TwoWay,REG PLAN 297,4/22/2003 12:00:00 AM,50,16739,2015,24HR,31.7128361332156
57705,11156,Arterial,MAJOR,FREDERICK ST,LANCASTER ST E,GORDON AVE,222,240,209,245,REGIONAL RD  6,2,REG,TwoWay,REG PLAN 425,4/22/2003 12:00:00 AM,50,14690,2015,7-7 MON-SAT,175.964332959996
57706,7047,Arterial,MAJOR,VICTORIA ST N,LANCASTER ST W,CHESTNUT ST,366,376,361,381,REGIONAL RD 55,5,REG,TwoWay,REG PLAN 79,4/22/2003 12:00:00 AM,50,26013,2015,24HR,146.137516990085
57717,23200,Arterial,MAJOR,OTTAWA ST N,MONTCALM DR,MCGEE AVE,,,,,REGIONAL RD  4,5,REG,TwoWay,REG PLAN 1202,12/18/2003 12:00:00 AM,50,15272,2015,24HR,304.200809067131
57718,22593,Arterial,MAJOR,OTTAWA ST N,SHAFTSBURY DR,HERITAGE DR,,,1335,1335,REGIONAL RD  4,5,REG,TwoWay,REG PLAN 1589,4/22/2003 12:00:00 AM,50,12777,2015,24HR,93.9552211084072
57764,11322,Arterial,MAJOR,BENTON ST,HALLS LANE E,CHARLES ST E,17,19,26,28,REGIONAL RD  6,4,REG,TwoWay,,,50,7583,2015,24HR,38.7384876370615
57765,11320,Arterial,MAJOR,BENTON ST,KING ST E,HALLS LANE E,11,11,,,REGIONAL RD  6,4,REG,TwoWay,,,50,9629,2015,24HR,66.0804107718604
57798,6104,Arterial,MAJOR,HIGHLAND RD W,HIGHLAND CRES,FISCHER HALLMAN RD,775,775,780,780,REGIONAL RD  6,6,REG,TwoWay,REG PLAN 1445,4/22/2003 12:00:00 AM,60,13700,2015,24HR,183.805016287455
57857,15732,Arterial,MAJOR,VICTORIA ST N,RIVER RD E,TURNER AVE,932,952,933,971,REGIONAL RD 55,5,REG,TwoWay,REG PLAN 705,4/22/2003 12:00:00 AM,60,31767,2015,24HR,211.272314994544
57861,11661,Arterial,MAJOR,COURTLAND AVE E,PALMER AVE,KENT AVE,320,346,321,325,REGIONAL RD 53,2,REG,TwoWay,REG PLAN 239,4/22/2003 12:00:00 AM,50,11994,2015,24HR,177.064718415261
57867,6788,Arterial,MAJOR,FREDERICK ST,IRVIN ST,OTTO ST,166,172,155,171,REGIONAL RD  6,4,REG,TwoWay,REG PLAN 32,4/22/2003 12:00:00 AM,50,10280,2015,7-7 MON-SAT,74.1242425667965
57868,6750,Arterial,MAJOR,FREDERICK ST,OTTO ST,LANCASTER ST E,200,200,181,197,REGIONAL RD  6,4,REG,TwoWay,REG PLAN 392,4/22/2003 12:00:00 AM,50,11842,2015,7-7 MON-SAT,141.813314629316
57888,21720,Arterial,MAJOR,TRUSSLER RD,C_PKY STR ONRAMP,REG RD 70 TO HWY 7/8 E_BND,,,,,REGIONAL RD 70,4,REG,TwoWay,REG PLAN 1600,12/12/2003 12:00:00 AM,50,19376,2015,24HR,151.268449882636
57889,21087,Arterial,MAJOR,TRUSSLER RD,C_PKY STR OFFRAMP,C_PKY STR ONRAMP,,,,,REGIONAL RD 70,3,REG,TwoWay,REG PLAN 1600,12/12/2003 12:00:00 AM,50,24509,2015,24HR,13.7304612708187
57892,21589,Arterial,MAJOR,TRUSSLER RD,OTTAWA ST S,KNECHTEL CRT,,,,,REGIONAL RD 70,2,REG,TwoWay,58R-3440,12/12/2003 12:00:00 AM,70,7640,2015,24HR,198.859888772335
57908,11646,Arterial,MAJOR,CHARLES ST E,STIRLING AVE S,KENT AVE,,,,,REGIONAL RD 64,3,REG,TwoWay,,,50,12662,2015,24HR,100.792503289471
57910,12662,Arterial,MAJOR,VICTORIA ST N,BRUCE ST,RIVER RD E,808,930,801,907,REGIONAL RD 55,6,REG,TwoWay,GIS STAFF,6/10/2003 12:00:00 AM,60,35578,2015,24HR,452.496750789737
57945,20900,Arterial,MAJOR,WESTMOUNT RD E,GATEWOOD RD,FOREST HILL DR,,,73,85,REGIONAL RD 50,4,REG,TwoWay,REG PLAN 876,4/22/2003 12:00:00 AM,50,20037,2015,7-7 MON-FRI,87.7642596762354
57946,5739,Arterial,MAJOR,QUEEN ST S,MILL ST,HOMEWOOD AVE,533,675,520,662,REGIONAL RD  6,3,REG,TwoWay,REG PLAN 89,4/22/2003 12:00:00 AM,50,17238,2015,24HR,251.711539778454
57961,21733,Arterial,MAJOR,OTTAWA ST S,WINDFLOWER DR,PROSPERITY DR,1825,1825,1768,1768,REGIONAL RD  4,2,REG,TwoWay,58M-55,7/29/2003 12:00:00 AM,50,6016,2015,24HR,395.854200448814
57962,600351,Arterial,MAJOR,OTTAWA ST S,PROSPERITY DR,WILSONS RD,,,,,REGIONAL RD  4,3,REG,TwoWay,58M-224,4/22/2003 12:00:00 AM,50,6576,2015,24HR,107.114482138399
58037,20737,Arterial,MAJOR,HIGHLAND RD W,FISCHER HALLMAN RD,WESTHEIGHTS DR,875,875,950,950,REGIONAL RD  6,4,REG,TwoWay,REG PLAN 1384,4/22/2003 12:00:00 AM,60,14283,2015,24HR,538.205778082629
58038,7041,Arterial,MAJOR,LANCASTER ST W,LOUISA ST,HILLVIEW ST,101,121,102,122,REGIONAL RD 29,2,REG,TwoWay,REG PLAN 671,4/22/2003 12:00:00 AM,50,15064,2015,24HR,96.3741120166668
58041,21709,Arterial,MAJOR,TRUSSLER RD,REG RD 70 TO HWY 7/8 E_BND,HWY 7/8 E_BND TO REG RD 70,,,,,REGIONAL RD 70,4,REG,TwoWay,REG PLAN 1600,12/12/2003 12:00:00 AM,50,20914,2015,24HR,15.6674384103344
58042,21725,Arterial,MAJOR,TRUSSLER RD,REG RD 70 TO HWY 7/8 E_BND,REG RD 70 TO HWY 7/8 E_BND,,,,,REGIONAL RD 70,4,REG,TwoWay,REG PLAN 1600,12/12/2003 12:00:00 AM,50,19376,2015,24HR,66.2315365404354
58051,602316,Roundabout,MAJOR,FISCHER HALLMAN RD,HURON RD,FISCHER HALLMAN RD,,,,,REGIONAL RD 58,2,REG,FromTo,REGION,10/4/2007 12:00:00 AM,60,17003,2015,24HR,35.3901146313434
58052,602318,Roundabout,MAJOR,FISCHER HALLMAN RD,FISCHER HALLMAN RD,HURON RD,,,,,REGIONAL RD 58,2,REG,FromTo,REGION,10/4/2007 12:00:00 AM,60,17003,2015,24HR,33.7080231082142
58053,602319,Roundabout,MAJOR,FISCHER HALLMAN RD,FISCHER HALLMAN RD,HURON RD,,,,,REGIONAL RD 58,2,REG,FromTo,REGION,10/4/2007 12:00:00 AM,60,17003,2015,24HR,35.1070889299947
58054,602323,Roundabout,MAJOR,FISCHER HALLMAN RD,HURON RD,FISCHER HALLMAN RD,,,,,REGIONAL RD 58,2,REG,FromTo,REGION,10/4/2007 12:00:00 AM,60,17003,2015,24HR,34.4663868002709
58055,6608,Arterial,MAJOR,BENTON ST,ST GEORGE ST,COURTLAND AVE E,93,135,112,120,REGIONAL RD  6,4,REG,TwoWay,UNKNKOWN,4/22/2003 12:00:00 AM,50,7797,2015,24HR,197.429568517031
58085,6137,Arterial,MAJOR,FISCHER HALLMAN RD,FOREST HILL DR,MCGARRY DR,294,330,291,321,REGIONAL RD 58,5,REG,TwoWay,REG PLAN 1057,4/22/2003 12:00:00 AM,50,25216,2015,24HR,173.88114813035
58086,12931,Arterial,MAJOR,BRIDGE ST E,HOLLINGER CRES,HOLLINGER CRES,,,,,REGIONAL RD 52,2,REG,TwoWay,,,60,8949,2015,24HR,218.086851864399
58091,13095,Arterial,MAJOR,BLOOMINGDALE RD,BRIDGE ST E,HORNING DR,9,13,8,8,REGIONAL RD 20,3,REG,TwoWay,,,50,8471,2015,24HR,82.7990239251634
58101,6707,Arterial,MAJOR,BENTON ST,CHURCH ST,ST GEORGE ST,69,87,64,90,REGIONAL RD  6,4,REG,TwoWay,UNKNOWN,4/22/2003 12:00:00 AM,50,3970,2015,24HR,131.788852381201
58102,11314,Arterial,MAJOR,BENTON ST,CHARLES ST E,CHURCH ST,33,51,30,54,REGIONAL RD  6,5,REG,TwoWay,,,50,7835,2015,24HR,93.8376680657663
58118,9421,Arterial,MAJOR,TRUSSLER RD,KNECHTEL CRT,BLEAMS RD,808,808,,,REGIONAL RD 70,3,REG,TwoWay,58R-3440,12/12/2003 12:00:00 AM,70,8111,2015,24HR,355.588280640437
58120,21127,Arterial,MAJOR,TRUSSLER RD,YELLOW BIRCH DR,C_PKY STR OFFRAMP,,,,,REGIONAL RD 70,5,REG,TwoWay,REG PLAN 1600,4/22/2003 12:00:00 AM,50,22086,2015,24HR,139.474330303046
58130,11449,Arterial,MAJOR,OTTAWA ST S,MILL ST,PATTANDON AVE,,,358,358,REGIONAL RD  4,4,REG,TwoWay,REG PLAN 384,4/22/2003 12:00:00 AM,50,18222,2015,24HR,52.6905219481153
58131,11457,Arterial,MAJOR,OTTAWA ST S,MILL ST,MILL ST,,,,,REGIONAL RD  4,4,REG,TwoWay,REG PLAN 384,4/22/2003 12:00:00 AM,50,16153,2015,24HR,43.4101543596309
58148,8793,Arterial,MAJOR,VICTORIA ST S,BRAMM ST,THERESA ST,135,145,130,148,REGIONAL RD 55,4,REG,TwoWay,REG PLAN 143,4/22/2003 12:00:00 AM,50,20442,2015,24HR,69.6276188012021
58149,8791,Arterial,MAJOR,VICTORIA ST S,MICHAEL ST,BRAMM ST,131,131,120,120,REGIONAL RD 55,4,REG,TwoWay,REG PLAN 143,4/22/2003 12:00:00 AM,50,20612,2015,24HR,16.7293753615027
58150,8798,Arterial,MAJOR,VICTORIA ST S,ARTHUR PL,OAK ST,,,92,94,REGIONAL RD 55,4,REG,TwoWay,REG PLAN 418,4/22/2003 12:00:00 AM,50,20951,2015,24HR,26.4684099399364
58151,22396,Arterial,MAJOR,KING ST E,MORRISON RD,STONEGATE DR,,,,,REGIONAL RD  8,3,REG,TwoWay,REG PLAN 1411,4/22/2003 12:00:00 AM,50,15848,2015,24HR,99.91624718335
58222,6770,Arterial,MAJOR,WEBER ST E,QUEEN ST N,FREDERICK ST,20,20,19,19,REGIONAL RD  8,5,REG,TwoWay,REG PLAN 401,4/22/2003 12:00:00 AM,50,19029,2015,7-7 MON-FRI,125.407431873603
58238,21854,Arterial,MAJOR,MANITOU DR,CONNOR ST,BLEAMS RD,30,50,33,45,REGIONAL RD 69,4,REG,TwoWay,REG PLAN 586,8/13/2002 12:00:00 AM,60,27821,2015,24HR,367.777354986175
58239,21821,Arterial,MAJOR,MANITOU DR,SASAGA DR,CAYUGA DR,300,520,299,501,REGIONAL RD 69,4,REG,TwoWay,58R-4909,8/13/2002 12:00:00 AM,60,25539,2015,24HR,616.201378688241
58273,9230,Arterial,MAJOR,OTTAWA ST S,CHARLES ST E,MAURICE ST,,,50,50,REGIONAL RD  4,3,REG,TwoWay,REG PLAN 262,4/22/2003 12:00:00 AM,50,14679,2015,24HR,84.0777388750436
58274,21726,Arterial,MAJOR,TRUSSLER RD,HWY 7/8 E_BND TO REG RD 70,RICHARD BEASLEY DR,468,632,,,REGIONAL RD 70,4,REG,TwoWay,58R-1386,12/12/2003 12:00:00 AM,70,15018,2015,24HR,826.362637916504
58275,600041,Arterial,MAJOR,TRUSSLER RD,RICHARD BEASLEY DR,OTTAWA ST S,,,,,REGIONAL RD 70,3,REG,TwoWay,58R-1386,12/12/2003 12:00:00 AM,70,10530,2015,24HR,246.266024610352
58277,21124,Arterial,MAJOR,TRUSSLER RD,C_PKY STR OFFRAMP,C_PKY STR OFFRAMP,,,,,REGIONAL RD 70,5,REG,TwoWay,REG PLAN 1600,12/12/2003 12:00:00 AM,50,22086,2015,24HR,102.822386476387
58297,10178,Arterial,MAJOR,WEBER ST E,BORDEN AVE N,ONWARD AVE,328,328,307,315,REGIONAL RD  8,4,REG,TwoWay,REG PLAN 299,4/22/2003 12:00:00 AM,50,16836,2015,7-7 MON-FRI,98.4998984610685
58298,10164,Arterial,MAJOR,WEBER ST E,STIRLING AVE N,SIMEON ST,228,252,241,243,REGIONAL RD  8,4,REG,TwoWay,REG PLAN 77,4/22/2003 12:00:00 AM,50,17006,2015,7-7 MON-FRI,172.142503588337
58299,9859,Arterial,MAJOR,WEBER ST E,PANDORA AVE N,FAIRVIEW AVE,196,206,193,205,REGIONAL RD  8,4,REG,TwoWay,REG PLAN 77,4/22/2003 12:00:00 AM,50,17455,2015,7-7 MON-FRI,90.5807429530052
58316,9382,Arterial,MAJOR,OTTAWA ST S,MAURICE ST,NYBERG ST,85,123,60,60,REGIONAL RD  4,2,REG,TwoWay,REG PLAN 262,4/22/2003 12:00:00 AM,50,14010,2015,24HR,263.536602457648
58320,12670,Arterial,MAJOR,BRUCE ST,EPHRAIM ST,FREDERICK ST,74,88,73,81,REGIONAL RD 61,4,REG,TwoWay,QC,12/18/2003 12:00:00 AM,50,7074,2015,7-7 MON-SAT,114.066920355932
58331,10389,Arterial,MAJOR,LANCASTER ST W,CLIFTON RD,ASH ST,303,319,290,296,REGIONAL RD 29,2,REG,TwoWay,REG PLAN 666,4/22/2003 12:00:00 AM,50,14214,2015,24HR,61.0342547508515
58334,6352,Arterial,MAJOR,WESTMOUNT RD E,OTTAWA ST S,LAURENTIAN DR,700,750,675,715,REGIONAL RD 50,4,REG,TwoWay,REG PLAN 1240,8/13/2002 12:00:00 AM,50,18193,2015,24HR,362.407973575373
58342,1691,Arterial,MAJOR,VICTORIA ST S,GARMENT ST,MICHAEL ST,127,127,,,REGIONAL RD 55,4,REG,TwoWay,REG PLAN 418,4/22/2003 12:00:00 AM,50,20781,2015,24HR,62.455862318355
58343,1729,Arterial,MAJOR,VICTORIA ST S,VICMOUNT DR,HAZELGLEN DR,,,,,REGIONAL RD 55,4,REG,TwoWay,REG PLAN 1319,4/22/2003 12:00:00 AM,50,20442,2015,24HR,48.2425791171808
58352,20811,Arterial,MAJOR,HIGHLAND RD W,WESTHEIGHTS DR,WESTFOREST TRAIL,,,,,REGIONAL RD  6,2,REG,TwoWay,REG PLAN 1384,4/22/2003 12:00:00 AM,60,11527,2015,24HR,1136.41237691772
58353,9393,Arterial,MAJOR,OTTAWA ST S,NYBERG ST,DUNDAS AVE,135,135,124,136,REGIONAL RD  4,2,REG,TwoWay,REG PLAN 262,4/22/2003 12:00:00 AM,50,14418,2015,24HR,82.8780241463598
58357,6915,Arterial,MAJOR,FREDERICK ST,PEQUEGNAT AVE,SIMEON ST,268,268,269,269,REGIONAL RD  6,2,REG,TwoWay,REG PLAN 424,4/22/2003 12:00:00 AM,50,13982,2015,7-7 MON-SAT,30.6019412462414
58368,21835,Arterial,MAJOR,COURTLAND AVE E,BALZER RD,MANITOU DR,,,1321,1321,REGIONAL RD 53,7,REG,TwoWay,MCP 988,8/13/2002 12:00:00 AM,50,27591,2015,24HR,143.368195092261
58386,105386,Arterial,MAJOR,NEW DUNDEE RD,DODGE DR,STAUFFER WOODS TRAIL,,,,,REGIONAL RD 12,2,REG,TwoWay,58R-13914,4/22/2003 12:00:00 AM,80,6494,2014,24HR,290.498467184806
58387,105387,Arterial,MAJOR,NEW DUNDEE RD,STAUFFER WOODS TRAIL,BLAIR VALLEY ST,,,,,REGIONAL RD 12,2,REG,TwoWay,58R-13914,4/22/2003 12:00:00 AM,80,6494,2014,24HR,326.234919311147
58396,1724,Arterial,MAJOR,VICTORIA ST S,WESTMOUNT RD W,VICMOUNT DR,751,751,720,756,REGIONAL RD 55,5,REG,TwoWay,REG PLAN 1319,4/22/2003 12:00:00 AM,50,18931,2015,24HR,213.128532396881
58397,6174,Arterial,MAJOR,FISCHER HALLMAN RD,QUEENS BLVD,SUMMIT AVE,,,247,247,REGIONAL RD 58,5,REG,TwoWay,REG PLAN 1384,4/22/2003 12:00:00 AM,50,26473,2015,24HR,187.597365967859
58414,6948,Arterial,MAJOR,VICTORIA ST N,DUNHAM AVE,INDIANA ST,560,560,,,REGIONAL RD 55,4,REG,TwoWay,REG PLAN 159,4/22/2003 12:00:00 AM,60,26371,2015,24HR,95.1305714314032
58415,12690,Arterial,MAJOR,VICTORIA ST N,INDIANA ST,EDNA ST,,,577,593,REGIONAL RD 55,6,REG,TwoWay,REG PLAN 159,4/22/2003 12:00:00 AM,60,25901,2015,24HR,88.4645604653726
58428,9612,Arterial,MAJOR,BLEAMS RD,HOMER WATSON BLVD,CENTURY HILL DR,,,300,300,REGIONAL RD 56,5,REG,TwoWay,,,60,17507,2015,7-7 MON-SUN,419.163602198115
58430,6399,Arterial,MAJOR,OTTAWA ST S,PINEDALE DR,HOWE DR,,,,,REGIONAL RD  4,4,REG,TwoWay,REG PLAN 1240,8/13/2002 12:00:00 AM,50,20056,2015,24HR,137.890089712664
58431,6389,Arterial,MAJOR,OTTAWA ST S,WESTMOUNT RD E,PINEDALE DR,,,,,REGIONAL RD  4,5,REG,TwoWay,REG PLAN 1240,8/13/2002 12:00:00 AM,50,20580,2015,24HR,213.366708961879
58441,12428,Arterial,MAJOR,VICTORIA ST N,CENTENNIAL RD,SHIRLEY DR,1800,1800,,,REGIONAL RD 55,5,REG,TwoWay,REG PLAN 1677,4/22/2003 12:00:00 AM,70,30920,2015,24HR,477.419829784054
58446,6624,Arterial,MAJOR,CHARLES ST E,CEDAR ST S,MADISON AVE S,220,230,,,REGIONAL RD 64,3,REG,TwoWay,,,50,12296,2015,24HR,126.470745954241
58447,6628,Arterial,MAJOR,CHARLES ST E,EBY ST S,CEDAR ST S,,,87,101,REGIONAL RD 64,3,REG,TwoWay,,,50,11301,2015,24HR,104.6543268579
58453,12377,Arterial,MAJOR,BRIDGEPORT RD,LEANDER PL,MACKIE PL,450,486,459,495,REGIONAL RD  9,4,REG,TwoWay,,,50,19106,2015,24HR,203.612178452816
58454,12593,Arterial,MAJOR,BRIDGEPORT RD,WATERLOO BOUNDARY,LANG CRES,420,420,,,REGIONAL RD  9,4,REG,TwoWay,,,50,28037,2015,24HR,47.4106852465243
58455,12417,Arterial,MAJOR,BRIDGEPORT RD,MACKIE PL,LANCASTER ST W,502,544,527,543,REGIONAL RD  9,4,REG,TwoWay,,,50,14640,2015,24HR,280.49260356468
58457,6780,Arterial,MAJOR,VICTORIA ST N,MARGARET AVE,ELLEN ST W,204,236,231,231,REGIONAL RD 55,5,REG,TwoWay,REG PLAN 374,4/22/2003 12:00:00 AM,50,23177,2015,24HR,140.463021190278
58483,13270,Arterial,MAJOR,WEBER ST E,MONTGOMERY RD,SHANTZ LANE,,,,,REGIONAL RD  8,4,REG,TwoWay,58R-1998,4/22/2003 12:00:00 AM,50,16730,2015,7-7 MON-FRI,225.136459916357
58490,13112,Arterial,MAJOR,BRIDGE ST E,LANCASTER ST W,TYSON DR,1,7,2,8,REGIONAL RD 52,2,REG,TwoWay,,,50,17366,2015,24HR,243.138214913655
58491,11639,Arterial,MAJOR,OTTAWA ST S,KEHL ST,IMPERIAL DR,507,507,,,REGIONAL RD  4,4,REG,TwoWay,MCP 791,4/22/2003 12:00:00 AM,50,15039,2015,24HR,76.4248075233848
58492,11628,Arterial,MAJOR,OTTAWA ST S,ALPINE RD,STRASBURG RD,715,751,730,750,REGIONAL RD  4,6,REG,TwoWay,REG PLAN 1246,8/13/2002 12:00:00 AM,50,24565,2015,24HR,428.42486430218
58496,602289,Arterial,MAJOR,NEW DUNDEE RD,HOMER WATSON BLVD,CONESTOGA COLLEGE BLVD,,,,,REGIONAL RD 12,3,REG,TwoWay,REGION,10/3/2007 12:00:00 AM,50,7736,2014,24HR,147.791925325055
58526,6092,Arterial,MAJOR,FISCHER HALLMAN RD,GLASGOW ST,STOKE DR,2,2,,,REGIONAL RD 58,5,REG,TwoWay,REG PLAN 1273,4/22/2003 12:00:00 AM,50,1282,2017,24HR,683.2946243486
58556,20628,Arterial,MAJOR,FISCHER HALLMAN RD,STOKE DR,VICTORIA ST S,,,,,REGIONAL RD 58,5,REG,TwoWay,REG PLAN 1321,4/22/2003 12:00:00 AM,60,23962,2015,24HR,629.161412502554
58558,11502,Arterial,MAJOR,OTTAWA ST N,RIVER RD E,BRECKENRIDGE DR,1020,1020,1025,1035,REGIONAL RD  4,5,REG,TwoWay,REG PLAN 1202,12/18/2003 12:00:00 AM,50,23295,2015,24HR,268.194860953436
58564,7036,Arterial,MAJOR,LANCASTER ST W,WELLINGTON ST N,LOUISA ST,69,93,78,98,REGIONAL RD 29,3,REG,TwoWay,REG PLAN 199,4/22/2003 12:00:00 AM,50,17758,2015,24HR,123.126523961844
58568,13156,Arterial,MAJOR,WEBER ST E,WILFRED AVE,EMERALD AVE,986,1006,985,1015,REGIONAL RD  8,4,REG,TwoWay,REG PLAN 307,5/30/2003 12:00:00 AM,50,15247,2015,7-7 MON-FRI,91.6094467348901
58572,21651,Arterial,MAJOR,FISCHER HALLMAN RD,FORESTWALK ST,SEABROOK DR,1548,1548,1541,1541,REGIONAL RD 58,2,REG,TwoWay,58R-7094,8/13/2002 12:00:00 AM,60,17145,2015,24HR,883.746438799364
58595,21855,Arterial,MAJOR,MANITOU DR,WEBSTER RD,CRESS LANE,,,31,31,REGIONAL RD 69,4,REG,TwoWay,REG PLAN 586,8/13/2002 12:00:00 AM,60,26320,2015,24HR,46.3282592021846
58596,6766,Arterial,MAJOR,WEBER ST W,QUEEN ST N,ONTARIO ST N,11,21,18,22,REGIONAL RD  8,4,REG,TwoWay,REG PLAN 401,4/22/2003 12:00:00 AM,50,19254,2015,7-7 MON-FRI,121.794959698654
58598,6759,Arterial,MAJOR,WEBER ST E,FREDERICK ST,SCOTT ST,40,40,,,REGIONAL RD  8,5,REG,TwoWay,REG PLAN 406,4/22/2003 12:00:00 AM,50,18804,2015,7-7 MON-FRI,155.075592212009
58603,6303,Arterial,MAJOR,FISCHER HALLMAN RD,C_PKY WAT OFFRAMP,OTTAWA ST S,,,,,REGIONAL RD 58,7,REG,TwoWay,REG PLAN 748,8/13/2002 12:00:00 AM,50,41099,2015,24HR,176.744077782029
58614,10185,Arterial,MAJOR,WEBER ST E,ONWARD AVE,EAST AVE,330,382,359,399,REGIONAL RD  8,4,REG,TwoWay,REG PLAN 655,4/22/2003 12:00:00 AM,50,16892,2015,7-7 MON-FRI,222.535237595456
58615,6885,Arterial,MAJOR,WEBER ST E,KRUG ST,MADISON AVE N,116,136,121,131,REGIONAL RD  8,4,REG,TwoWay,REG PLAN 370,4/22/2003 12:00:00 AM,50,18354,2015,7-7 MON-FRI,126.849786733043
58619,602990,Arterial,MAJOR,FISCHER HALLMAN RD,WEST OAK TRAIL,HURON RD,1686,1696,,,REGIONAL RD 58,3,REG,TwoWay,58R-7094,8/13/2002 12:00:00 AM,60,12858,2015,24HR,151.900067714517
58623,23063,Arterial,MAJOR,FAIRWAY RD N,JANSEN AVE,THALER AVE,132,168,125,165,REGIONAL RD 53,4,REG,TwoWay,REG PLAN 589,4/22/2003 12:00:00 AM,50,19810,2015,24HR,192.883316224146
58630,600734,Arterial,MAJOR,IRA NEEDLES BLVD,HIGHLAND RD W,VICTORIA ST S,235,235,220,220,REGIONAL RD 70,4,REG,TwoWay,30T-02205-DA,12/18/2003 12:00:00 AM,50,26668,2015,24HR,605.23664972668
58635,22324,Arterial,MAJOR,FAIRWAY RD S,FAIRWAY RD N,KING ST BYPASS ONRAMP,41,41,30,40,REGIONAL RD 53,6,REG,TwoWay,REG PLAN 863,4/22/2003 12:00:00 AM,60,34928,2015,24HR,489.938900720426
58640,8767,Arterial,MAJOR,VICTORIA ST S,PARK ST,HENRY ST,169,183,170,186,REGIONAL RD 55,5,REG,TwoWay,REG PLAN 107,4/22/2003 12:00:00 AM,50,20104,2015,24HR,83.478097426667
58647,31310,Roundabout,MAJOR,IRA NEEDLES BLVD,IRA NEEDLES BLVD,UNIVERSITY AVE W,,,,,REGIONAL RD 70,2,REG,FromTo,PUBLIC,12/22/2006 12:00:00 AM,50,33363,2015,24HR,33.4425618743686
58649,602124,Roundabout,MAJOR,IRA NEEDLES BLVD,IRA NEEDLES BLVD,HIGHLAND RD W,,,,,REGIONAL RD 70,2,REG,FromTo,PUBLIC,12/22/2006 12:00:00 AM,60,35030,2015,24HR,35.0578984352069
58667,23167,Arterial,MAJOR,OTTAWA ST N,MCGEE AVE,SHAFTSBURY DR,,,,,REGIONAL RD  4,5,REG,TwoWay,REG PLAN 1202,4/22/2003 12:00:00 AM,50,15419,2015,24HR,167.240273926987
58669,20757,Arterial,MAJOR,HIGHLAND RD W,EAGEN DR,HIGHLAND CRES,,,,,REGIONAL RD  6,5,REG,TwoWay,REG PLAN 1196,4/22/2003 12:00:00 AM,60,14044,2015,24HR,163.550864393804
58670,15830,Arterial,MAJOR,EDNA ST,C_PKY STR ONRAMP,MANSION ST,70,70,61,61,REGIONAL RD 62,4,REG,TwoWay,REG PLAN 653,4/22/2003 12:00:00 AM,50,10680,2015,7-7 MON-SAT,56.3539441927913
58671,15832,Arterial,MAJOR,EDNA ST,MANSION ST,FREDERICK ST,84,96,,,REGIONAL RD 62,4,REG,TwoWay,REG PLAN 724,4/22/2003 12:00:00 AM,50,10682,2015,7-7 MON-SAT,131.254639961442
58672,9846,Arterial,MAJOR,WEBER ST E,FAIRVIEW AVE,STIRLING AVE N,214,224,211,227,REGIONAL RD  8,4,REG,TwoWay,REG PLAN 77,4/22/2003 12:00:00 AM,50,17231,2015,7-7 MON-FRI,88.3038938593805
58685,22124,Arterial,MAJOR,RIVER RD E,GRAND RIVER BLVD,KING ST E,,,,,REGIONAL RD 56,4,REG,TwoWay,REG PLAN 1340,4/22/2003 12:00:00 AM,60,9353,2015,7-7 MON-SAT,189.528549918145
58698,6638,Arterial,MAJOR,CHARLES ST E,EBY ST S,BENTON ST,10,10,11,75,REGIONAL RD 64,3,REG,TwoWay,,,50,10642,2015,24HR,292.274163253111
58701,10747,Arterial,MAJOR,COURTLAND AVE E,WALTON AVE,HAYWARD AVE,872,890,,,REGIONAL RD 53,4,REG,TwoWay,REG PLAN 695,8/13/2002 12:00:00 AM,50,23397,2015,24HR,117.600151962024
58704,21903,Arterial,MAJOR,MANITOU DR,CAYUGA DR,HOMER WATSON BLVD,530,530,529,535,REGIONAL RD 69,6,REG,TwoWay,REG PLAN 1309,4/22/2003 12:00:00 AM,60,25360,2015,24HR,256.934500798244
58705,13042,Arterial,MAJOR,BLOOMINGDALE RD,STANLEY AVE,NELSON AVE,121,151,122,144,REGIONAL RD 20,2,REG,TwoWay,PLAN,2/28/2005 12:00:00 AM,50,10800,2015,24HR,178.738137460463
58706,6388,Arterial,MAJOR,OTTAWA ST S,ELMSDALE DR,HOWLAND DR,,,,,REGIONAL RD  4,4,REG,TwoWay,REG PLAN 1242,8/13/2002 12:00:00 AM,50,19858,2015,24HR,276.701527281488
58723,22861,Arterial,MAJOR,OTTAWA ST N,C_PKY WAT OFFRAMP,NOTTINGHAM AVE,,,,,REGIONAL RD  4,6,REG,TwoWay,REG PLAN 944,12/18/2003 12:00:00 AM,50,21610,2015,7-7 MON-SAT,80.5917273566251
58778,40157,Arterial,MAJOR,KING ST E,401 LON ONRAMP,CAMBRIDGE BOUNDARY,,,,,REGIONAL RD  8,4,REG,TwoWay,PLAN 170,4/22/2003 12:00:00 AM,50,31752,2015,24HR,161.131496654327
58811,6610,Arterial,MAJOR,COURTLAND AVE E,BENTON ST,HEBEL PL,46,68,39,63,REGIONAL RD 53,3,REG,TwoWay,REG PLAN 405,4/22/2003 12:00:00 AM,50,10659,2015,24HR,114.546169647417
58824,23214,Arterial,MAJOR,OTTAWA ST N,BRECKENRIDGE DR,OLD CHICOPEE DR,,,,,REGIONAL RD  4,5,REG,TwoWay,REG PLAN 1202,12/18/2003 12:00:00 AM,50,17578,2015,24HR,68.1086427855393
58825,23220,Arterial,MAJOR,OTTAWA ST N,OLD CHICOPEE DR,MONTCALM DR,,,,,REGIONAL RD  4,5,REG,TwoWay,REG PLAN 1202,12/18/2003 12:00:00 AM,50,15983,2015,24HR,133.019296394232
58834,9679,Arterial,MAJOR,BLEAMS RD,CENTURY HILL DR,STRASBURG RD,,,750,758,REGIONAL RD 56,5,REG,TwoWay,,,60,15560,2015,7-7 MON-SUN,745.740912170532
58841,601978,Arterial,MAJOR,FISCHER HALLMAN RD,SEABROOK DR,SIENNA ST,1650,1676,,,REGIONAL RD 58,2,REG,TwoWay,58R-7094,8/13/2002 12:00:00 AM,60,12858,2015,24HR,325.787757478713
58844,602310,Roundabout,MAJOR,FISCHER HALLMAN RD,FISCHER HALLMAN RD,FISCHER HALLMAN RD,,,,,REGIONAL RD 58,2,REG,FromTo,REGION,10/4/2007 12:00:00 AM,60,16952,2014,24HR,32.0117732648966
58851,10652,Arterial,MAJOR,KING ST W,PINE ST,MT HOPE ST,835,835,890,934,REGIONAL RD 15,3,REG,TwoWay,REG PLAN 385,4/22/2003 12:00:00 AM,50,18759,2015,24HR,161.269210100789
58852,10691,Arterial,MAJOR,KING ST W,MT HOPE ST,WATERLOO BOUNDARY,969,969,936,976,REGIONAL RD 15,3,REG,TwoWay,REG PLAN 385,4/22/2003 12:00:00 AM,50,19696,2015,24HR,138.641811115333
58881,11382,Arterial,MAJOR,COURTLAND AVE E,STIRLING AVE S,VERNON AVE,250,274,249,269,REGIONAL RD 53,3,REG,TwoWay,REG PLAN 300,4/22/2003 12:00:00 AM,50,12337,2015,24HR,102.949191352161
58885,23173,Arterial,MAJOR,LACKNER BLVD,KEEWATIN AVE,LORRAINE AVE,,,,,REGIONAL RD 54,3,REG,TwoWay,REG PLAN 1403,4/22/2003 12:00:00 AM,60,12689,2015,24HR,360.560982591444
58887,22167,Arterial,MAJOR,KING ST E,STONEGATE DR,RIVERBANK DR,3563,3751,3570,3734,REGIONAL RD  8,2,REG,TwoWay,REG PLAN 1411,4/22/2003 12:00:00 AM,50,16055,2015,24HR,655.383417165895
58889,8664,Arterial,MAJOR,HIGHLAND RD W,GARDEN AVE,WEST AVE,51,101,52,100,REGIONAL RD  6,3,REG,TwoWay,REG PLAN 300,4/22/2003 12:00:00 AM,50,18158,2015,24HR,178.913218859643
58896,10127,Arterial,MAJOR,OTTAWA ST N,C_PKY STR OFFRAMP,C_PKY STR ONRAMP,,,,,REGIONAL RD  4,4,REG,TwoWay,REG PLAN  651,4/22/2003 12:00:00 AM,50,19138,2015,24HR,11.5588701801289
58900,6410,Arterial,MAJOR,OTTAWA ST S,NINE PINES RD,FISCHER HALLMAN RD,1285,1295,1280,1284,REGIONAL RD  4,6,REG,TwoWay,REG PLAN 748,8/13/2002 12:00:00 AM,60,18236,2015,24HR,102.591198911979
58912,8763,Arterial,MAJOR,VICTORIA ST S,HENRY ST,WALNUT ST,187,205,190,200,REGIONAL RD 55,3,REG,TwoWay,REG PLAN 107,4/22/2003 12:00:00 AM,50,19935,2015,24HR,98.0124432744651
58927,11373,Arterial,MAJOR,COURTLAND AVE E,VERNON AVE,PALMER AVE,278,292,281,291,REGIONAL RD 53,2,REG,TwoWay,REG PLAN 263,4/22/2003 12:00:00 AM,50,12165,2015,24HR,94.3476312047684
58930,9764,Arterial,MAJOR,FREDERICK ST,EDNA ST,ANN ST,450,526,447,507,REGIONAL RD  6,4,REG,TwoWay,REG PLAN 42,4/22/2003 12:00:00 AM,50,15244,2015,7-7 MON-SAT,288.712219503072
58948,8614,Arterial,MAJOR,WESTMOUNT RD W,UNION BLVD,RUSHOLME RD,751,765,744,744,REGIONAL RD 50,4,REG,TwoWay,REG PLAN 810,4/22/2003 12:00:00 AM,50,16810,2015,7-7 MON-FRI,121.567109468015
58951,6659,Arterial,MAJOR,VICTORIA ST N,AHRENS ST W,AHRENS ST W,150,150,,,REGIONAL RD 55,4,REG,TwoWay,REG PLAN 374,4/22/2003 12:00:00 AM,50,21586,2015,24HR,31.7822865264703
58961,6727,Arterial,MAJOR,QUEEN ST S,COURTLAND AVE E,MITCHELL ST,339,429,340,436,REGIONAL RD  6,3,REG,TwoWay,REG PLAN 397,4/22/2003 12:00:00 AM,50,18235,2015,24HR,165.978171933842
58973,105364,Arterial,MAJOR,HOMER WATSON BLVD,BLEAMS RD,BEASLEY DR,,,,,REGIONAL RD 28,6,REG,TwoWay,MCP 1035,8/13/2002 12:00:00 AM,70,23511,2015,24HR,422.634542477761
58989,6492,Arterial,MAJOR,WEBER ST W,YOUNG ST,COLLEGE ST,,,58,78,REGIONAL RD  8,4,REG,TwoWay,REG PLAN 401,4/22/2003 12:00:00 AM,50,19703,2015,7-7 MON-FRI,111.869569821523
58990,6879,Arterial,MAJOR,WEBER ST E,SCOTT ST,KRUG ST,66,108,71,109,REGIONAL RD  8,4,REG,TwoWay,REG PLAN 175,4/22/2003 12:00:00 AM,50,18579,2015,7-7 MON-FRI,271.233169303177
59026,11688,Arterial,MAJOR,KING ST E,SYDNEY ST S,SYDNEY ST N,1211,1211,,,REGIONAL RD 15,3,REG,TwoWay,REG PLAN 404,4/22/2003 12:00:00 AM,50,12847,2015,24HR,22.1986923490738
59041,21862,Arterial,MAJOR,HOMER WATSON BLVD,BLEAMS RD,BEASLEY DR,,,,,REGIONAL RD 28,6,REG,TwoWay,MCP 1035,8/13/2002 12:00:00 AM,70,23511,2015,24HR,548.730676213081
59042,21808,Arterial,MAJOR,HOMER WATSON BLVD,BEASLEY DR,HOMER WATSON OFFRAMP,1111,1111,,,REGIONAL RD 28,6,REG,TwoWay,REG PLAN 576,4/22/2003 12:00:00 AM,70,24029,2015,24HR,193.438101539432
59043,25666,Arterial,MAJOR,HOMER WATSON BLVD,HOMER WATSON OFFRAMP,HOMER WATSON ONRAMP,,,,,REGIONAL RD 28,4,REG,TwoWay,REG PLAN 576,4/22/2003 12:00:00 AM,70,28662,2015,24HR,602.619139084241
59044,21992,Arterial,MAJOR,HOMER WATSON BLVD,HOMER WATSON ONRAMP,DOON VILLAGE RD,,,,,REGIONAL RD 28,6,REG,TwoWay,REG PLAN 1309,4/22/2003 12:00:00 AM,70,24430,2015,24HR,232.849526089317
59048,40159,Arterial,MAJOR,VICTORIA ST N,SHIRLEY DR,WOOLWICH TOWNSHIP BOUNDARY,1810,1810,,,REGIONAL RD 55,4,REG,TwoWay,REG PLAN 1677,4/22/2003 12:00:00 AM,70,32645,2015,24HR,244.058406786328
59052,40158,Arterial,MAJOR,BRIDGE ST E,HOLLINGER CRES,WOOLWICH TOWNSHIP BOUNDARY,483,525,,,REGIONAL RD 52,2,REG,TwoWay,PLAN,11/9/2007 12:00:00 AM,60,7877,2015,24HR,272.840700359848
59056,10993,Arterial,MAJOR,WEBER ST E,BROADVIEW AVE,FRANKLIN ST N,1108,1138,1111,1111,REGIONAL RD  8,5,REG,TwoWay,REG PLAN 267,5/30/2003 12:00:00 AM,50,15290,2015,7-7 MON-FRI,144.192819352991
59064,20702,Arterial,MAJOR,HIGHLAND RD W,FIELDGATE ST,EAGEN DR,,,,,REGIONAL RD  6,5,REG,TwoWay,REG PLAN 1623,4/22/2003 12:00:00 AM,60,14113,2015,24HR,172.606139852532
59065,11114,Arterial,MAJOR,LANCASTER ST W,BREITHAUPT ST,BREITHAUPT ST,37,37,40,40,REGIONAL RD 29,4,REG,TwoWay,REG PLAN 139,4/22/2003 12:00:00 AM,50,17656,2015,24HR,51.8469216678058
59066,7046,Arterial,MAJOR,LANCASTER ST W,VICTORIA ST N,BREITHAUPT ST,,,34,34,REGIONAL RD 29,4,REG,TwoWay,REG PLAN 139,4/22/2003 12:00:00 AM,50,14115,2015,24HR,147.267947473518
59070,10766,Arterial,MAJOR,HOMER WATSON BLVD,OTTAWA ST S,HANSON AVE,,,300,300,REGIONAL RD 28,5,REG,TwoWay,REG PLAN 1246,8/13/2002 12:00:00 AM,70,34914,2015,24HR,608.822075088419
59075,11607,Arterial,MAJOR,COURTLAND AVE E,MADISON AVE S,STIRLING AVE S,184,218,195,209,REGIONAL RD 53,4,REG,TwoWay,REG PLAN 368,4/22/2003 12:00:00 AM,50,12831,2015,24HR,140.245001681849
59078,11064,Arterial,MAJOR,KING ST W,GREEN ST,PINE ST,,,828,876,REGIONAL RD 15,4,REG,TwoWay,REG PLAN 385,4/22/2003 12:00:00 AM,50,19855,2015,24HR,148.494770136196
59083,8556,Arterial,MAJOR,WESTMOUNT RD W,CLAREMONT AVE,UNION BLVD,701,711,700,722,REGIONAL RD 50,4,REG,TwoWay,REG PLAN 810,4/22/2003 12:00:00 AM,50,17783,2015,7-7 MON-FRI,135.93352814331
59086,13097,Arterial,MAJOR,LANCASTER ST W,SHIRK PL,WAGNER PL,575,591,574,586,REGIONAL RD 29,2,REG,TwoWay,REG PLAN 577,2/10/2003 12:00:00 AM,50,21358,2015,24HR,130.654856457842
59087,12615,Arterial,MAJOR,LANCASTER ST W,GENERAL DR,SHIRK PL,569,569,562,582,REGIONAL RD 29,3,REG,TwoWay,58R-3141,2/10/2003 12:00:00 AM,50,21398,2015,24HR,69.3719634118172
59091,8787,Arterial,MAJOR,VICTORIA ST S,CHARLES ST W,JOSEPH ST,,,,,REGIONAL RD 55,5,REG,TwoWay,REG PLAN 420,4/22/2003 12:00:00 AM,50,21085,2015,24HR,128.649630626208
59092,9374,Arterial,MAJOR,OTTAWA ST S,BEDFORD RD,COURTLAND AVE E,183,207,204,208,REGIONAL RD  4,3,REG,TwoWay,REG PLAN 262,4/22/2003 12:00:00 AM,50,14025,2015,24HR,97.3124065231322
59093,15127,Arterial,MAJOR,OTTAWA ST N,OLDFIELD DR,LACKNER BLVD,,,1405,1405,REGIONAL RD  4,5,REG,TwoWay,REG PLAN 1589,4/22/2003 12:00:00 AM,50,10531,2015,24HR,196.428166938297
59100,21865,Arterial,MAJOR,HOMER WATSON BLVD,DOON VILLAGE RD,HURON RD,1575,1575,,,REGIONAL RD 28,5,REG,TwoWay,REG PLAN 1376,4/22/2003 12:00:00 AM,70,35869,2015,24HR,744.251187622771
59101,22068,Arterial,MAJOR,HOMER WATSON BLVD,HURON RD,PIONEER DR,,,,,REGIONAL RD 28,4,REG,TwoWay,REG PLAN 1318,2/9/2004 12:00:00 AM,70,33662,2015,24HR,680.517178280031
59102,22044,Arterial,MAJOR,HOMER WATSON BLVD,PIONEER DR,OLD CARRIAGE DR,,,,,REGIONAL RD 28,5,REG,TwoWay,REG PLAN 1318,2/9/2004 12:00:00 AM,70,34564,2015,24HR,577.684772241013
59103,22713,Arterial,MAJOR,HOMER WATSON BLVD,OLD CARRIAGE DR,DOON SOUTH DR,,,2200,2200,REGIONAL RD 28,5,REG,TwoWay,58R-9382,4/22/2003 12:00:00 AM,70,35575,2015,24HR,488.267689546521
59104,22631,Arterial,MAJOR,HOMER WATSON BLVD,DOON SOUTH DR,NEW DUNDEE RD,2375,2375,2400,2430,REGIONAL RD 28,4,REG,TwoWay,REG PLAN 556,4/22/2003 12:00:00 AM,70,34160,2015,24HR,843.928321504069
59105,22623,Arterial,MAJOR,HOMER WATSON BLVD,CONESTOGA COLLEGE BLVD,401 LON ONRAMP,,,2480,2480,REGIONAL RD 28,9,REG,TwoWay,REG PLAN 1666,4/22/2003 12:00:00 AM,70,35738,2015,24HR,95.103633257562
59113,8671,Arterial,MAJOR,HIGHLAND RD W,NORTH DR,BELMONT AVE W,229,251,230,236,REGIONAL RD  6,4,REG,TwoWay,REG PLAN 230,4/22/2003 12:00:00 AM,50,18327,2015,24HR,93.136483407866
59114,5601,Arterial,MAJOR,FISCHER HALLMAN RD,HIGHLAND RD W,QUEENS BLVD,,,,,REGIONAL RD 58,5,REG,TwoWay,REG PLAN 1384,4/22/2003 12:00:00 AM,50,22805,2015,24HR,363.113444782794
59115,20736,Arterial,MAJOR,FISCHER HALLMAN RD,BANKSIDE DR,HIGHLAND RD W,,,,,REGIONAL RD 58,5,REG,TwoWay,REG PLAN 1384,4/22/2003 12:00:00 AM,60,19691,2015,24HR,245.992434515436
59120,11705,Arterial,MAJOR,WEBER ST E,SYDNEY ST N,SHELDON AVE N,566,600,567,591,REGIONAL RD  8,4,REG,TwoWay,REG PLAN 656,4/22/2003 12:00:00 AM,50,17058,2015,7-7 MON-FRI,129.245437629734
59136,9416,Arterial,MAJOR,COURTLAND AVE E,HAYWARD AVE,HILLMOUNT ST,896,926,,,REGIONAL RD 53,5,REG,TwoWay,REG PLAN 1206,8/13/2002 12:00:00 AM,50,24181,2015,24HR,385.615198190214
59138,22479,Arterial,MAJOR,LACKNER BLVD,EBYDALE DR,BRYAN CRT,,,,,REGIONAL RD 54,3,REG,TwoWay,REG PLAN 1595,4/22/2003 12:00:00 AM,60,13208,2015,24HR,386.900177267432
59155,22624,Expressway / Highway,MAJOR,HOMER WATSON BLVD,401 LON ONRAMP,401 LON OFFRAMP,,,,,REGIONAL RD 28,8,REG,TwoWay,REGION,4/22/2003 12:00:00 AM,70,34337,2015,24HR,122.376591301491
59157,40160,Expressway / Highway,MAJOR,HOMER WATSON BLVD,401 LON OFFRAMP,401 TOR ONRAMP,,,,,REGIONAL RD 28,6,REG,TwoWay,REGION,4/22/2003 12:00:00 AM,70,34208,2015,24HR,128.683176562086
59188,11183,Arterial,MAJOR,WEBER ST W,BLUCHER ST,GUELPH ST,311,319,308,316,REGIONAL RD  8,4,REG,TwoWay,REG PLAN373,4/22/2003 12:00:00 AM,50,18257,2015,7-7 MON-FRI,106.560407003399
59189,11164,Arterial,MAJOR,WEBER ST W,REINHARDT ST,BLUCHER ST,273,293,268,290,REGIONAL RD  8,4,REG,TwoWay,REG PLAN 131,4/22/2003 12:00:00 AM,50,18059,2015,7-7 MON-FRI,83.6456712727729
59196,9168,Arterial,MAJOR,QUEEN ST S,MITCHELL ST,SCHNEIDER AVE,479,489,460,466,REGIONAL RD  6,3,REG,TwoWay,REG PLAN 113,4/22/2003 12:00:00 AM,50,17736,2015,24HR,84.0604548952113
59197,9383,Arterial,MAJOR,KING ST E,PRESTON ST,JACKSON AVE,1405,1405,1342,1472,REGIONAL RD 15,3,REG,TwoWay,REG PLAN 657,4/22/2003 12:00:00 AM,50,14208,2015,24HR,232.401010574481
59198,104444,Roundabout,MAJOR,FISCHER HALLMAN RD,FISCHER HALLMAN RD,FISCHER HALLMAN RD,,,,,REGIONAL RD 58,2,REG,FromTo,REGION,10/4/2007 12:00:00 AM,40,16952,2014,24HR,30.9769692369961
59202,22611,Arterial,MAJOR,NEW DUNDEE RD,EXECUTIVE PL,PINNACLE DR,,,,,REGIONAL RD 12,2,REG,TwoWay,REG PLAN 1650,4/22/2003 12:00:00 AM,80,8762,2015,24HR,537.55370926232
59207,22170,Arterial,MAJOR,KING ST E,HOFSTETTER AVE,RIVER RD E,3355,3355,3328,3400,REGIONAL RD  8,3,REG,TwoWay,REG PLAN 1310,4/22/2003 12:00:00 AM,50,18644,2015,24HR,171.54909723431
59208,22305,Arterial,MAJOR,RIVER RD E,MORGAN AVE,GRAND RIVER BLVD,,,,,REGIONAL RD 56,4,REG,TwoWay,REG PLAN 1310,4/22/2003 12:00:00 AM,50,4085,2013,7-7 MON-SAT,133.499959608523
59214,5725,Arterial,MAJOR,HIGHLAND RD W,QUEENS BLVD,GARDEN AVE,29,45,6,48,REGIONAL RD  6,2,REG,TwoWay,REG PLAN 228,4/22/2003 12:00:00 AM,50,15131,2015,24HR,142.283795634542
59223,21513,Arterial,MAJOR,NEW DUNDEE RD,REIDEL DR,FISCHER HALLMAN RD,,,1798,2118,REGIONAL RD 12,2,REG,TwoWay,UNKNOWN,2/18/2004 12:00:00 AM,80,6608,2015,24HR,2397.33819958932
59224,21493,Arterial,MAJOR,NEW DUNDEE RD,FISCHER HALLMAN RD,TRUSSLER RD,,,2258,2878,REGIONAL RD 12,2,REG,TwoWay,58R-3120,4/22/2003 12:00:00 AM,80,4296,2015,24HR,2039.17664991724
59225,22769,Arterial,MAJOR,NEW DUNDEE RD,BLAIR VALLEY ST,REIDEL DR,,,1478,1478,REGIONAL RD 12,2,REG,TwoWay,58R-13914,4/22/2003 12:00:00 AM,80,3500,2009,24HR,498.448979070746
59243,8923,Arterial,MAJOR,VICTORIA ST S,HALLS LANE W,CHARLES ST W,,,10,10,REGIONAL RD 55,4,REG,TwoWay,REG PLAN 420,4/22/2003 12:00:00 AM,50,19306,2015,24HR,55.4106143151996
59247,8707,Arterial,MAJOR,QUEEN ST S,SCHNEIDER AVE,MILL ST,,,,,REGIONAL RD  6,2,REG,TwoWay,REG PLAN 89,4/22/2003 12:00:00 AM,50,17419,2015,24HR,22.9936304486836
59256,5880,Arterial,MAJOR,KING ST W,VICTORIA ST N,BREITHAUPT ST,565,569,510,520,REGIONAL RD 15,2,REG,TwoWay,REG PLAN 374,4/22/2003 12:00:00 AM,50,20068,2015,24HR,258.154789298913
59260,25596,Ramp,MAJOR,HOMER WATSON ONRAMP,HURON RD,HOMER WATSON BLVD,,,,,REGIONAL RD 28,1,REG,ToFrom,REG PLAN 576,4/22/2003 12:00:00 AM,50,1902,2015,24HR,255.37233740955
59301,105584,Arterial,MAJOR,OTTAWA ST S,BENNINGER DR,TRUSSLER RD,2219,2219,,,REGIONAL RD  4,2,REG,TwoWay,WDR 296,4/22/2003 12:00:00 AM,60,6576,2015,24HR,611.292246124344
64322,602989,Arterial,MAJOR,BLEAMS RD,FORESTWALK ST,DONNENWERTH DR,1643,1643,,,REGIONAL RD 56,3,REG,TwoWay,58M-344,2/18/2005 12:00:00 AM,70,5841,2017,24HR,226.960334003332
64323,602992,Arterial,MAJOR,FISCHER HALLMAN RD,BLEAMS RD,ROSENBERG WAY,1270,1340,1255,1291,REGIONAL RD 58,3,REG,TwoWay,58R-7094,8/13/2002 12:00:00 AM,60,17145,2015,24HR,614.859552376771
64324,602991,Arterial,MAJOR,FISCHER HALLMAN RD,ROSENBERG WAY,FORESTWALK ST,,,,,REGIONAL RD 58,2,REG,TwoWay,58R-7094,8/13/2002 12:00:00 AM,60,17145,2015,24HR,183.853826339738
64325,104445,Arterial,MAJOR,FISCHER HALLMAN RD,SIENNA ST,WEST OAK TRAIL,1684,1684,,,REGIONAL RD 58,3,REG,TwoWay,58R-7094,8/13/2002 12:00:00 AM,60,12713,2014,24HR,30.6430963677943
67526,603289,Roundabout,MAJOR,MANITOU DR,MANITOU DR,MANITOU DR,,,,,REGIONAL RD 69,2,REG,FromTo,,,40,27581,2015,24HR,70.9876867788209
67527,603309,Roundabout,MAJOR,MANITOU DR,MANITOU DR,MANITOU DR,,,,,REGIONAL RD 69,2,REG,FromTo,,,40,27581,2015,24HR,33.9544496572758
67528,603310,Roundabout,MAJOR,MANITOU DR,MANITOU DR,MANITOU DR,,,,,REGIONAL RD 69,2,REG,FromTo,,,40,27581,2015,24HR,36.7062855693128
71362,602286,Expressway / Highway,MAJOR,HOMER WATSON BLVD,401 LON OFFRAMP,401 LON OFFRAMP,,,,,REGIONAL RD 28,6,REG,TwoWay,REGION,10/3/2007 12:00:00 AM,70,34337,2015,24HR,220.005287552953
72643,603730,Roundabout,MAJOR,OTTAWA ST S,ALPINE RD,OTTAWA ST S,,,,,REGIONAL RD  4,3,REG,FromTo,ENG PLAN 775936,4/6/2017 12:00:00 AM,40,26896,2015,24HR,40.0851129490346
72644,603752,Roundabout,MAJOR,OTTAWA ST S,OTTAWA ST S,C_PKY WAT ONRAMP,,,,,REGIONAL RD  4,3,REG,FromTo,ENG PLAN 775936,4/6/2017 12:00:00 AM,40,26896,2015,24HR,31.2417702718387
72645,603732,Roundabout,MAJOR,OTTAWA ST S,C_PKY WAT OFFRAMP,OTTAWA ST S,,,,,REGIONAL RD  4,3,REG,FromTo,ENG PLAN 775936,4/6/2017 12:00:00 AM,40,26896,2015,24HR,24.6923393361523
72646,603753,Roundabout,MAJOR,OTTAWA ST S,OTTAWA ST S,ALPINE RD,,,,,REGIONAL RD  4,3,REG,FromTo,ENG PLAN 775936,4/6/2017 12:00:00 AM,40,26896,2015,24HR,36.7531233217839
72647,603733,Roundabout,MAJOR,OTTAWA ST S,HOMER WATSON BLVD,OTTAWA ST S,,,,,REGIONAL RD  4,3,REG,FromTo,ENG PLAN 775936,4/6/2017 12:00:00 AM,40,32070,2015,24HR,42.8514406486907
72649,603735,Roundabout,MAJOR,OTTAWA ST S,HOMER WATSON BLVD,OTTAWA ST S,,,,,REGIONAL RD  4,3,REG,FromTo,ENG PLAN 775936,4/6/2017 12:00:00 AM,40,32070,2015,24HR,45.5028911319716
72650,603751,Roundabout,MAJOR,OTTAWA ST S,OTTAWA ST S,HOMER WATSON BLVD,,,,,REGIONAL RD  4,3,REG,FromTo,ENG PLAN 775936,4/6/2017 12:00:00 AM,40,32070,2015,24HR,42.3735475911566
72651,603750,Roundabout,MAJOR,OTTAWA ST S,OTTAWA ST S,HOMER WATSON BLVD,,,,,REGIONAL RD  4,3,REG,FromTo,ENG PLAN 775936,4/6/2017 12:00:00 AM,40,32070,2015,24HR,38.4490944434854
72658,603731,Roundabout,MAJOR,OTTAWA ST S,C_PKY WAT ONRAMP,C_PKY WAT OFFRAMP,,,,,REGIONAL RD  4,3,REG,FromTo,ENG PLAN 775936,4/6/2017 12:00:00 AM,40,26896,2015,24HR,21.9348645975832
75204,16249,Arterial,MAJOR,KING ST E,DEER RIDGE DR,SPORTSWORLD CROSSING RD,4233,4299,4210,4220,REGIONAL RD  8,6,REG,TwoWay,PLAN 768,4/22/2003 12:00:00 AM,50,36995,2015,24HR,218.226212885292
75205,603929,Arterial,MAJOR,KING ST E,SPORTSWORLD CROSSING RD,HELDMANN RD,4275,4319,4300,4326,REGIONAL RD  8,6,REG,TwoWay,PLAN 768,4/22/2003 12:00:00 AM,60,36995,2015,24HR,165.566165140865
81923,604830,Arterial,MAJOR,LACKNER BLVD,OTTAWA ST N,LACKNER PL,1000,1000,,,REGIONAL RD 54,4,REG,TwoWay,REG PLAN 1589,4/22/2003 12:00:00 AM,50,1000,,24HR,152.275766097057
82562,604949,Arterial,MAJOR,FISCHER HALLMAN RD,HURON RD,WALLACETON WAY,,,,,REGIONAL RD 58,2,REG,TwoWay,58R-1754,2/9/2004 12:00:00 AM,60,11330,,24HR,273.466138135831
102082,607929,Roundabout,MAJOR,FISCHER HALLMAN RD,FISCHER HALLMAN RD,FISCHER HALLMAN RD,,,,,REGIONAL RD 58,2,REG,FromTo,ORTHO 2022,5/1/2022 12:00:00 AM,50,1000,2023,24HR,37.5373023903608
102084,607949,Roundabout,MAJOR,FISCHER HALLMAN RD,FISCHER HALLMAN RD,FISCHER HALLMAN RD,,,,,REGIONAL RD 58,2,REG,FromTo,ORTHO 2022,5/1/2022 12:00:00 AM,50,1000,2023,24HR,34.6426246362693
102085,607950,Roundabout,MAJOR,FISCHER HALLMAN RD,FISCHER HALLMAN RD,FISCHER HALLMAN RD,,,,,REGIONAL RD 58,2,REG,FromTo,ORTHO 2022,5/1/2022 12:00:00 AM,50,1000,2023,24HR,36.7945737291402
102086,607952,Roundabout,MAJOR,FISCHER HALLMAN RD,FISCHER HALLMAN RD,FISCHER HALLMAN RD,,,,,REGIONAL RD 58,2,REG,FromTo,ORTHO 2022,5/1/2022 12:00:00 AM,50,1000,2023,24HR,35.7837276263238
