OBJECTID,CATEGORY,SUBCATEGORY,SOURCE,SOURCE_DATE,STATUS,STATUS_DATE,CREATE_DATE,UPDATE_DATE,ANGLE,PARKINGFACILITYID,PARKINGFEATUREID,OWNERSHIP,LOCATION_DESCRIPTION,ARROW_DIRECTION,SIDE_OF_ROAD,Greenp Order,x,y
1922,PAY AND DISPLAY,LOT 2,ORTHO 2016,4/18/2008 3:03:35 PM,ACTIVE,9/17/2008 4:57:47 PM,4/18/2008 3:03:35 PM,1/3/2019 12:27:51 PM,,2043,689,KITCHENER,LOT 2,,N\A,,-8959942.2494718,5380774.80112477
1925,PAY AND DISPLAY,LOT 9,ORTHO 2016,4/18/2008 3:09:59 PM,ACTIVE,9/17/2008 4:57:47 PM,4/18/2008 3:09:59 PM,1/3/2019 12:27:51 PM,,2049,692,KITCHENER,LOT 9,,N\A,,-8960238.84405539,5380714.87237107
1929,PAY AND DISPLAY,LOT 23,ORTHO 2016,5/10/2016 12:00:00 AM,ACTIVE,9/17/2008 4:57:46 PM,4/18/2008 3:17:43 PM,1/3/2019 12:27:51 PM,,2104,695,KITCHENER,LOT 23,,N\A,,-8959645.15865284,5380419.76011991
1931,ENTRANCE ARROW,,ORTHO,2/11/2004 3:56:39 PM,ACTIVE,9/17/2008 4:57:46 PM,2/11/2004 3:56:39 PM,7/26/2011 4:19:27 PM,235,1969,568,,,,NOT APPLI*,,-8959430.46880591,5381114.10855017
1932,ENTRANCE ARROW,,ORTHO,2/11/2004 4:01:23 PM,ACTIVE,9/17/2008 4:57:46 PM,2/11/2004 4:01:23 PM,9/11/2017 12:42:32 PM,210,1979,570,,,,NOT APPLI*,,-8959583.04660151,5381019.45784323
1933,EXIT,CIVIC DISTRICT GARAGE,TRANSPORTATION PLANNING,6/25/2012 12:00:00 AM,ACTIVE,9/17/2008 4:57:46 PM,2/11/2004 4:04:18 PM,1/3/2019 12:27:51 PM,120,5903,572,KITCHENER,CIVIC DISTRICT GARAGE,,N\A,,-8959747.34753664,5381120.58492206
1936,ENTRANCE,MARKET,ORTHO,7/9/2003 3:53:02 PM,ACTIVE,9/17/2008 4:57:46 PM,7/9/2003 3:53:02 PM,1/3/2019 12:27:51 PM,301,2085,338,KITCHENER,KITCHENER MARKET PARKING,,N\A,,-8959318.74460852,5380418.59169071
1937,EXIT,MARKET,ORTHO,7/9/2003 3:53:02 PM,ACTIVE,9/17/2008 4:57:46 PM,7/9/2003 3:53:02 PM,1/3/2019 12:27:51 PM,301,2085,339,KITCHENER,KITCHENER MARKET PARKING,,N\A,,-8959322.346984,5380412.95498819
1938,ENTRANCE,CITY HALL,ORTHO 2016,5/10/2016 12:00:00 AM,ACTIVE,9/17/2008 4:57:46 PM,7/9/2003 3:53:00 PM,1/3/2019 12:27:51 PM,296,1989,288,KITCHENER,CITY HALL,,N\A,,-8960305.92047271,5380986.33760047
1939,LIGHT POLE,LOT 15,ORTHO 2016,5/10/2016 12:00:00 AM,ACTIVE,9/17/2008 4:57:46 PM,7/9/2003 3:53:00 PM,1/3/2019 12:27:51 PM,,4769,289,KITCHENER,LOT 15,,N\A,,-8960566.39403167,5380693.62180919
1942,LIGHT POLE,,ORTHO,7/9/2003 3:53:00 PM,ACTIVE,9/17/2008 4:57:46 PM,7/9/2003 3:53:00 PM,1/3/2019 12:27:51 PM,,29,293,PRIVATE,KAUFMAN LOFT PARKING LOT,,N\A,,-8960787.05545897,5381208.10331424
1945,LIGHT POLE,,ORTHO,7/9/2003 3:53:00 PM,ACTIVE,9/17/2008 4:57:46 PM,7/9/2003 3:53:00 PM,1/3/2019 12:27:51 PM,,29,296,PRIVATE,KAUFMAN LOFT PARKING LOT,,N\A,,-8960871.42131985,5381246.84475416
1946,ENTRANCE,,ORTHO,7/9/2003 3:53:00 PM,ACTIVE,9/17/2008 4:57:46 PM,7/9/2003 3:53:00 PM,7/26/2011 4:19:28 PM,25,145,297,,,,NOT APPLI*,,-8960206.3573382,5380653.34232756
1947,LIGHT POLE,LOT 3,ORTHO,7/9/2003 3:53:00 PM,ACTIVE,9/17/2008 4:57:46 PM,7/9/2003 3:53:00 PM,1/3/2019 12:27:51 PM,,2013,298,KITCHENER,WATER ST S LOT,,N\A,,-8960753.99816693,5380909.91645767
1948,EXIT,,ORTHO,7/9/2003 3:53:00 PM,ACTIVE,9/17/2008 4:57:46 PM,7/9/2003 3:53:00 PM,7/26/2011 4:19:28 PM,210,145,299,,,,NOT APPLI*,,-8960203.4470214,5380658.46111424
1949,LIGHT POLE,CHARLES BENTON PARKING GARAGE,ORTHO,7/9/2003 3:53:00 PM,ACTIVE,9/17/2008 4:57:46 PM,7/9/2003 3:53:00 PM,1/3/2019 12:27:51 PM,,3130,300,KITCHENER,CHARLES BENTON PARKING GARAGE,,N\A,,-8959972.0207702,5380534.04852225
1950,LIGHT POLE,CHARLES BENTON PARKING GARAGE,ORTHO,7/9/2003 3:53:01 PM,ACTIVE,9/17/2008 4:57:46 PM,7/9/2003 3:53:01 PM,1/3/2019 12:27:51 PM,,3130,301,KITCHENER,CHARLES BENTON PARKING GARAGE,,N\A,,-8960004.29805807,5380561.04763818
1951,LIGHT POLE,CHARLES BENTON PARKING GARAGE,ORTHO,7/9/2003 3:53:01 PM,ACTIVE,9/17/2008 4:57:46 PM,7/9/2003 3:53:01 PM,1/3/2019 12:27:51 PM,,3130,302,KITCHENER,CHARLES BENTON PARKING GARAGE,,N\A,,-8959936.54352534,5380512.78677513
1952,ENTRANCE,,ORTHO,7/9/2003 3:53:01 PM,ACTIVE,9/17/2008 4:57:46 PM,7/9/2003 3:53:01 PM,7/26/2011 4:19:28 PM,210,187,303,,,,NOT APPLI*,,-8959967.9962208,5380440.99849871
1953,EXIT,,ORTHO,7/9/2003 3:53:01 PM,ACTIVE,9/17/2008 4:57:46 PM,7/9/2003 3:53:01 PM,7/26/2011 4:19:28 PM,35,187,304,,,,NOT APPLI*,,-8959976.78114616,5380427.75183292
1954,EXIT,,ORTHO,7/9/2003 3:53:01 PM,ACTIVE,9/17/2008 4:57:46 PM,7/9/2003 3:53:01 PM,7/26/2011 4:19:28 PM,120,207,305,,,,NOT APPLI*,,-8959589.74036732,5380349.52666705
1955,ENTRANCE,,ORTHO,7/9/2003 3:53:01 PM,ACTIVE,9/17/2008 4:57:46 PM,7/9/2003 3:53:01 PM,7/26/2011 4:19:28 PM,300,207,306,,,,NOT APPLI*,,-8959587.17623184,5380348.31970703
1956,LIGHT POLE,,ORTHO,7/9/2003 3:53:01 PM,ACTIVE,9/17/2008 4:57:46 PM,7/9/2003 3:53:01 PM,1/3/2019 12:27:51 PM,,200,307,KITCHENER,HALLS LANE E BETWEEN BENTON ST AND EBY ST,,N\A,,-8959751.46220447,5380428.74399896
1957,LIGHT POLE,,ORTHO,7/9/2003 3:53:01 PM,ACTIVE,9/17/2008 4:57:46 PM,7/9/2003 3:53:01 PM,1/3/2019 12:27:51 PM,,200,308,KITCHENER,HALLS LANE E BETWEEN BENTON ST AND EBY ST,,N\A,,-8959736.87432864,5380420.51450658
1958,LIGHT POLE,,ORTHO,7/9/2003 3:53:01 PM,ACTIVE,9/17/2008 4:57:46 PM,7/9/2003 3:53:01 PM,1/3/2019 12:27:51 PM,,200,309,KITCHENER,HALLS LANE E BETWEEN BENTON ST AND EBY ST,,N\A,,-8959722.87744633,5380412.68570754
1959,LIGHT POLE,,ORTHO,7/9/2003 3:53:01 PM,ACTIVE,9/17/2008 4:57:46 PM,7/9/2003 3:53:01 PM,1/3/2019 12:27:51 PM,,200,310,KITCHENER,HALLS LANE E BETWEEN BENTON ST AND EBY ST,,N\A,,-8959707.89886502,5380403.65974921
1960,LIGHT POLE,,ORTHO,7/9/2003 3:53:01 PM,ACTIVE,9/17/2008 4:57:46 PM,7/9/2003 3:53:01 PM,1/3/2019 12:27:51 PM,,200,311,KITCHENER,HALLS LANE E BETWEEN BENTON ST AND EBY ST,,N\A,,-8959693.51014771,5380395.23296052
1961,LIGHT POLE,,ORTHO,7/9/2003 3:53:01 PM,ACTIVE,9/17/2008 4:57:46 PM,7/9/2003 3:53:01 PM,1/3/2019 12:27:51 PM,,200,312,KITCHENER,HALLS LANE E BETWEEN BENTON ST AND EBY ST,,N\A,,-8959678.72939486,5380386.20819588
1962,LIGHT POLE,,ORTHO,7/9/2003 3:53:01 PM,ACTIVE,9/17/2008 4:57:46 PM,7/9/2003 3:53:01 PM,1/3/2019 12:27:51 PM,,200,313,KITCHENER,HALLS LANE E BETWEEN BENTON ST AND EBY ST,,N\A,,-8959664.53606255,5380378.17955032
1963,LIGHT POLE,,ORTHO,7/9/2003 3:53:01 PM,ACTIVE,9/17/2008 4:57:46 PM,7/9/2003 3:53:01 PM,1/3/2019 12:27:51 PM,,200,314,KITCHENER,HALLS LANE E BETWEEN BENTON ST AND EBY ST,,N\A,,-8959649.94956382,5380369.75149233
1964,LIGHT POLE,,ORTHO,7/9/2003 3:53:01 PM,ACTIVE,9/17/2008 4:57:46 PM,7/9/2003 3:53:01 PM,1/3/2019 12:27:51 PM,,200,315,KITCHENER,HALLS LANE E BETWEEN BENTON ST AND EBY ST,,N\A,,-8959635.75863391,5380361.32586908
1965,LIGHT POLE,,ORTHO,7/9/2003 3:53:01 PM,ACTIVE,9/17/2008 4:57:46 PM,7/9/2003 3:53:01 PM,1/3/2019 12:27:51 PM,,200,316,KITCHENER,HALLS LANE E BETWEEN BENTON ST AND EBY ST,,N\A,,-8959620.77899939,5380352.49829365
1966,LIGHT POLE,,ORTHO,7/9/2003 3:53:01 PM,ACTIVE,9/17/2008 4:57:46 PM,7/9/2003 3:53:01 PM,1/3/2019 12:27:51 PM,,200,317,KITCHENER,HALLS LANE E BETWEEN BENTON ST AND EBY ST,,N\A,,-8959606.19013772,5380344.46722623
1967,LIGHT POLE,,ORTHO,7/9/2003 3:53:01 PM,ACTIVE,9/17/2008 4:57:46 PM,7/9/2003 3:53:01 PM,1/3/2019 12:27:51 PM,,200,318,KITCHENER,HALLS LANE E BETWEEN BENTON ST AND EBY ST,,N\A,,-8959591.80038314,5380336.23880682
1968,LIGHT POLE,,ORTHO,7/9/2003 3:53:01 PM,ACTIVE,9/17/2008 4:57:46 PM,7/9/2003 3:53:01 PM,1/3/2019 12:27:51 PM,,207,319,UNKNOWN,CHARLES ST E FROM BENTON ST TO EBY ST S HOTEL SIDE,,N\A,,-8959581.19295466,5380388.38318227
1969,LIGHT POLE,,ORTHO,7/9/2003 3:53:01 PM,ACTIVE,9/17/2008 4:57:46 PM,7/9/2003 3:53:01 PM,1/3/2019 12:27:51 PM,,200,320,UNKNOWN,CHARLES ST E FROM BENTON ST TO EBY ST S HOTEL SIDE,,N\A,,-8959680.46212122,5380355.32954162
1970,ENTRANCE,,ORTHO,7/9/2003 3:53:01 PM,ACTIVE,9/17/2008 4:57:46 PM,7/9/2003 3:53:01 PM,7/26/2011 4:19:28 PM,300,200,321,,,,NOT APPLI*,,-8959650.92479395,5380343.03710844
1971,LIGHT POLE,,ORTHO,7/9/2003 3:53:01 PM,ACTIVE,9/17/2008 4:57:46 PM,7/9/2003 3:53:01 PM,1/3/2019 12:27:51 PM,,200,322,UNKNOWN,CHARLES ST E FROM BENTON ST TO EBY ST S HOTEL SIDE,,N\A,,-8959715.94436154,5380375.59935821
1972,LIGHT POLE,,ORTHO,7/9/2003 3:53:01 PM,ACTIVE,9/17/2008 4:57:46 PM,7/9/2003 3:53:01 PM,1/3/2019 12:27:51 PM,,200,323,UNKNOWN,CHARLES ST E FROM BENTON ST TO EBY ST S HOTEL SIDE,,N\A,,-8959750.87742966,5380395.11134905
1973,LIGHT POLE,,ORTHO,7/9/2003 3:53:02 PM,ACTIVE,9/17/2008 4:57:46 PM,7/9/2003 3:53:02 PM,1/3/2019 12:27:51 PM,,200,324,UNKNOWN,CHARLES ST E FROM BENTON ST TO EBY ST S HOTEL SIDE,,N\A,,-8959646.56402198,5380334.83119487
1974,LIGHT POLE,,ORTHO,7/9/2003 3:53:02 PM,ACTIVE,9/17/2008 4:57:46 PM,7/9/2003 3:53:02 PM,1/3/2019 12:27:51 PM,,200,325,UNKNOWN,CHARLES ST E FROM BENTON ST TO EBY ST S HOTEL SIDE,,N\A,,-8959611.95715063,5380313.81229242
1975,EXIT,,ORTHO,7/9/2003 3:53:02 PM,ACTIVE,9/17/2008 4:57:46 PM,7/9/2003 3:53:02 PM,7/26/2011 4:19:28 PM,120,200,326,,,,NOT APPLI*,,-8959655.65265577,5380346.24261433
1976,EXIT,,ORTHO,7/9/2003 3:53:02 PM,ACTIVE,9/17/2008 4:57:46 PM,7/9/2003 3:53:02 PM,7/26/2011 4:19:28 PM,135,213,327,,,,NOT APPLI*,,-8959520.39657062,5380261.23324182
1977,ENTRANCE,,ORTHO,7/9/2003 3:53:02 PM,ACTIVE,9/17/2008 4:57:46 PM,7/9/2003 3:53:02 PM,7/26/2011 4:19:28 PM,290,213,328,,,,NOT APPLI*,,-8959502.73392349,5380251.27722076
1978,LIGHT POLE,,ORTHO,7/9/2003 3:53:02 PM,ACTIVE,9/17/2008 4:57:46 PM,7/9/2003 3:53:02 PM,1/3/2019 12:27:51 PM,,217,329,UNKNOWN,CHARLES ST E FROM BENTON ST TO EBY ST S HOTEL SIDE,,N\A,,-8959257.42053887,5380204.33079261
1979,ENTRANCE,,ORTHO,7/9/2003 3:53:02 PM,ACTIVE,9/17/2008 4:57:46 PM,7/9/2003 3:53:02 PM,7/26/2011 4:19:28 PM,210,217,330,,,,NOT APPLI*,,-8959255.23657443,5380199.23521308
1980,EXIT,,ORTHO,7/9/2003 3:53:02 PM,ACTIVE,9/17/2008 4:57:46 PM,7/9/2003 3:53:02 PM,7/26/2011 4:19:28 PM,30,217,331,,,,NOT APPLI*,,-8959258.1144201,5380194.48879643
1982,LIGHT POLE,MARKET,ORTHO,7/9/2003 3:53:02 PM,ACTIVE,9/17/2008 4:57:46 PM,7/9/2003 3:53:02 PM,1/3/2019 12:27:51 PM,,2085,333,KITCHENER,KITCHENER MARKET BETWEEN THE MARKET AND CONDOS,,N\A,,-8959397.12160167,5380463.03651704
1983,LIGHT POLE,,ORTHO,7/9/2003 3:53:02 PM,ACTIVE,9/17/2008 4:57:46 PM,7/9/2003 3:53:02 PM,1/3/2019 12:27:51 PM,,2085,334,KITCHENER,KITCHENER MARKET BETWEEN THE MARKET AND CONDOS,,N\A,,-8959331.57852546,5380435.752785
1984,LIGHT POLE,,ORTHO,7/9/2003 3:53:02 PM,ACTIVE,9/17/2008 4:57:46 PM,7/9/2003 3:53:02 PM,1/3/2019 12:27:51 PM,,2085,335,KITCHENER,KITCHENER MARKET BETWEEN THE MARKET AND CONDOS,,N\A,,-8959349.11898508,5380446.31375867
1985,LIGHT POLE,,ORTHO,7/9/2003 3:53:02 PM,ACTIVE,9/17/2008 4:57:46 PM,7/9/2003 3:53:02 PM,1/3/2019 12:27:51 PM,,2085,336,KITCHENER,KITCHENER MARKET BETWEEN THE MARKET AND CONDOS,,N\A,,-8959367.39569466,5380458.12345496
1986,LIGHT POLE,MARKET,ORTHO,7/9/2003 3:53:02 PM,ACTIVE,9/17/2008 4:57:46 PM,7/9/2003 3:53:02 PM,1/3/2019 12:27:51 PM,,2085,337,KITCHENER,KITCHENER MARKET BETWEEN THE MARKET AND CONDOS,,N\A,,-8959408.44943973,5380475.7982072
1987,EXIT,,ORTHO,7/9/2003 3:53:02 PM,ACTIVE,9/17/2008 4:57:46 PM,7/9/2003 3:53:02 PM,7/26/2011 4:19:28 PM,210,,340,,,,NOT APPLI*,,-8959602.81879125,5380591.12459084
1988,ENTRANCE,,ORTHO,7/9/2003 3:53:02 PM,ACTIVE,9/17/2008 4:57:46 PM,7/9/2003 3:53:02 PM,7/26/2011 4:19:28 PM,30,,341,,,,NOT APPLI*,,-8959604.28960365,5380589.10720014
1989,HANDICAP PARKING,CHARLES BENTON PARKING GARAGE,ORTHO,11/24/2003 9:56:56 AM,ACTIVE,9/17/2008 4:57:46 PM,11/24/2003 9:56:56 AM,1/3/2019 12:27:51 PM,,3130,361,KITCHENER,CHARLES BENTON PARKING GARAGE,,N\A,,-8959996.02078197,5380578.16127961
1990,HANDICAP PARKING,CHARLES BENTON PARKING GARAGE,ORTHO,11/24/2003 9:56:59 AM,ACTIVE,9/17/2008 4:57:46 PM,11/24/2003 9:56:59 AM,1/3/2019 12:27:51 PM,,3130,362,KITCHENER,CHARLES BENTON PARKING GARAGE,,N\A,,-8959991.1695731,5380575.02106249
1991,HANDICAP PARKING,CHARLES BENTON PARKING GARAGE,ORTHO,11/24/2003 9:57:02 AM,ACTIVE,9/17/2008 4:57:46 PM,11/24/2003 9:57:02 AM,1/3/2019 12:27:51 PM,,3130,363,KITCHENER,CHARLES BENTON PARKING GARAGE,,N\A,,-8959986.32108351,5380571.43652432
1992,HANDICAP PARKING,CHARLES BENTON PARKING GARAGE,ORTHO,11/24/2003 9:57:04 AM,ACTIVE,9/17/2008 4:57:46 PM,11/24/2003 9:57:04 AM,1/3/2019 12:27:51 PM,,3130,364,KITCHENER,CHARLES BENTON PARKING GARAGE,,N\A,,-8959982.13400154,5380568.30039321
1993,RESERVED PARKING,CHARLES BENTON PARKING GARAGE,ORTHO,11/24/2003 11:03:11 AM,ACTIVE,9/17/2008 4:57:46 PM,11/24/2003 11:03:11 AM,1/3/2019 12:27:51 PM,,3130,365,KITCHENER,CHARLES BENTON PARKING GARAGE,,N\A,,-8959978.60696772,5380565.83482925
1994,RESERVED PARKING,CHARLES BENTON PARKING GARAGE,ORTHO,11/24/2003 11:03:13 AM,ACTIVE,9/17/2008 4:57:46 PM,11/24/2003 11:03:13 AM,1/3/2019 12:27:51 PM,,3130,366,KITCHENER,CHARLES BENTON PARKING GARAGE,,N\A,,-8959975.96542876,5380563.37471695
1995,RESERVED PARKING,CHARLES BENTON PARKING GARAGE,ORTHO,11/24/2003 11:03:30 AM,ACTIVE,9/17/2008 4:57:46 PM,11/24/2003 11:03:30 AM,1/3/2019 12:27:51 PM,,3130,372,KITCHENER,CHARLES BENTON PARKING GARAGE,,N\A,,-8959961.41864849,5380552.84324801
1996,RESERVED PARKING,CHARLES BENTON PARKING GARAGE,ORTHO,11/24/2003 11:03:24 AM,ACTIVE,9/17/2008 4:57:46 PM,11/24/2003 11:03:24 AM,1/3/2019 12:27:51 PM,,3130,368,KITCHENER,CHARLES BENTON PARKING GARAGE,,N\A,,-8959973.10251801,5380560.9132414
1997,RESERVED PARKING,CHARLES BENTON PARKING GARAGE,ORTHO,11/24/2003 11:03:26 AM,ACTIVE,9/17/2008 4:57:46 PM,11/24/2003 11:03:26 AM,1/3/2019 12:27:51 PM,,3130,369,KITCHENER,CHARLES BENTON PARKING GARAGE,,N\A,,-8959970.23553363,5380559.11824406
1998,RESERVED PARKING,CHARLES BENTON PARKING GARAGE,ORTHO,11/24/2003 11:03:27 AM,ACTIVE,9/17/2008 4:57:46 PM,11/24/2003 11:03:27 AM,1/3/2019 12:27:51 PM,,3130,370,KITCHENER,CHARLES BENTON PARKING GARAGE,,N\A,,-8959967.36990881,5380557.10108674
1999,RESERVED PARKING,CHARLES BENTON PARKING GARAGE,ORTHO,11/24/2003 11:03:28 AM,ACTIVE,9/17/2008 4:57:46 PM,11/24/2003 11:03:28 AM,1/3/2019 12:27:51 PM,,3130,371,KITCHENER,CHARLES BENTON PARKING GARAGE,,N\A,,-8959964.28562923,5380554.63824686
2000,RESERVED PARKING,CHARLES BENTON PARKING GARAGE,ORTHO,11/24/2003 11:03:31 AM,ACTIVE,9/17/2008 4:57:46 PM,11/24/2003 11:03:31 AM,1/3/2019 12:27:51 PM,,3130,373,KITCHENER,CHARLES BENTON PARKING GARAGE,,N\A,,-8959958.55302752,5380550.82608934
2001,RESERVED PARKING,CHARLES BENTON PARKING GARAGE,ORTHO,11/24/2003 11:03:33 AM,ACTIVE,9/17/2008 4:57:46 PM,11/24/2003 11:03:33 AM,1/3/2019 12:27:51 PM,,3130,374,KITCHENER,CHARLES BENTON PARKING GARAGE,,N\A,,-8959956.13151231,5380548.58949808
2002,RESERVED PARKING,CHARLES BENTON PARKING GARAGE,ORTHO,11/24/2003 11:03:34 AM,ACTIVE,9/17/2008 4:57:46 PM,11/24/2003 11:03:34 AM,1/3/2019 12:27:51 PM,,3130,375,KITCHENER,CHARLES BENTON PARKING GARAGE,,N\A,,-8959952.82043052,5380547.01392984
2003,RESERVED PARKING,CHARLES BENTON PARKING GARAGE,ORTHO,11/24/2003 11:03:36 AM,ACTIVE,9/17/2008 4:57:46 PM,11/24/2003 11:03:36 AM,1/3/2019 12:27:51 PM,,3130,376,KITCHENER,CHARLES BENTON PARKING GARAGE,,N\A,,-8959950.18162146,5380544.10949692
2004,RESERVED PARKING,CHARLES BENTON PARKING GARAGE,ORTHO,11/24/2003 11:03:38 AM,ACTIVE,9/17/2008 4:57:46 PM,11/24/2003 11:03:38 AM,1/3/2019 12:27:51 PM,,3130,377,KITCHENER,CHARLES BENTON PARKING GARAGE,,N\A,,-8959947.75875109,5380542.09506417
2005,RESERVED PARKING,CHARLES BENTON PARKING GARAGE,ORTHO,11/24/2003 11:03:39 AM,ACTIVE,9/17/2008 4:57:46 PM,11/24/2003 11:03:39 AM,1/3/2019 12:27:51 PM,,3130,378,KITCHENER,CHARLES BENTON PARKING GARAGE,,N\A,,-8959944.89721335,5380539.41142655
2006,RESERVED PARKING,CHARLES BENTON PARKING GARAGE,ORTHO,11/24/2003 11:03:41 AM,ACTIVE,9/17/2008 4:57:46 PM,11/24/2003 11:03:41 AM,1/3/2019 12:27:51 PM,,3130,379,KITCHENER,CHARLES BENTON PARKING GARAGE,,N\A,,-8959942.03024106,5380537.61642466
2007,RESERVED PARKING,CHARLES BENTON PARKING GARAGE,ORTHO,11/24/2003 11:03:42 AM,ACTIVE,9/17/2008 4:57:46 PM,11/24/2003 11:03:42 AM,1/3/2019 12:27:51 PM,,3130,380,KITCHENER,CHARLES BENTON PARKING GARAGE,,N\A,,-8959938.72324298,5380535.37437649
2008,RESERVED PARKING,CHARLES BENTON PARKING GARAGE,ORTHO,11/24/2003 11:03:45 AM,ACTIVE,9/17/2008 4:57:46 PM,11/24/2003 11:03:45 AM,1/3/2019 12:27:51 PM,,3130,381,KITCHENER,CHARLES BENTON PARKING GARAGE,,N\A,,-8959935.85899152,5380533.13505575
2009,RESERVED PARKING,CHARLES BENTON PARKING GARAGE,ORTHO,11/24/2003 11:03:47 AM,ACTIVE,9/17/2008 4:57:46 PM,11/24/2003 11:03:47 AM,1/3/2019 12:27:51 PM,,3130,382,KITCHENER,CHARLES BENTON PARKING GARAGE,,N\A,,-8959932.99610072,5380530.67357585
2010,RESERVED PARKING,CHARLES BENTON PARKING GARAGE,ORTHO,11/24/2003 11:03:49 AM,ACTIVE,9/17/2008 4:57:46 PM,11/24/2003 11:03:49 AM,1/3/2019 12:27:51 PM,,3130,383,KITCHENER,CHARLES BENTON PARKING GARAGE,,N\A,,-8959930.12913343,5380528.87857198
2011,RESERVED PARKING,CHARLES BENTON PARKING GARAGE,ORTHO,11/24/2003 11:03:51 AM,ACTIVE,9/17/2008 4:57:46 PM,11/24/2003 11:03:51 AM,1/3/2019 12:27:51 PM,,3130,384,KITCHENER,CHARLES BENTON PARKING GARAGE,,N\A,,-8959927.92764374,5380526.86550152
2012,RESERVED PARKING,CHARLES BENTON PARKING GARAGE,ORTHO,11/24/2003 11:03:55 AM,ACTIVE,9/17/2008 4:57:46 PM,11/24/2003 11:03:55 AM,1/3/2019 12:27:51 PM,,3130,385,KITCHENER,CHARLES BENTON PARKING GARAGE,,N\A,,-8959924.83930629,5380525.06913253
2014,BILLCHANGER,CHARLES BENTON PARKING GARAGE,ORTHO,11/24/2003 11:14:22 AM,ACTIVE,9/17/2008 4:57:46 PM,11/24/2003 11:14:22 AM,1/3/2019 12:27:51 PM,,3130,387,KITCHENER,CHARLES BENTON PARKING GARAGE,,N\A,,-8960005.65523831,5380559.33628964
2016,LIGHT POLE,CHARLES BENTON PARKING GARAGE,ORTHO,11/24/2003 11:37:00 AM,ACTIVE,9/17/2008 4:57:46 PM,11/24/2003 11:37:00 AM,1/3/2019 12:27:51 PM,,3130,389,KITCHENER,CHARLES BENTON PARKING GARAGE,,N\A,,-8959998.42330644,5380583.5081081
2017,HANDICAP PARKING,LOT 3,ORTHO,11/24/2003 1:53:20 PM,ACTIVE,9/17/2008 4:57:46 PM,11/24/2003 1:53:20 PM,1/3/2019 12:27:51 PM,,2013,390,KITCHENER,WATER ST S LOT,,N\A,,-8960703.04434226,5380912.12738288
2018,HANDICAP PARKING,LOT 3,ORTHO,11/24/2003 1:55:04 PM,ACTIVE,9/17/2008 4:57:46 PM,11/24/2003 1:55:04 PM,1/3/2019 12:27:51 PM,,2013,391,KITCHENER,WATER ST S LOT,,N\A,,-8960712.85256045,5380876.48209278
2019,LIGHT POLE,LOT 3,ORTHO,11/24/2003 1:55:45 PM,ACTIVE,9/17/2008 4:57:46 PM,11/24/2003 1:55:45 PM,1/3/2019 12:27:51 PM,,2013,392,KITCHENER,WATER ST S LOT,,N\A,,-8960716.35475467,5380893.87758078
2020,PAY AND DISPLAY,LOT 3,ORTHO,7/9/2003 3:53:00 PM,ACTIVE,9/17/2008 4:57:46 PM,7/9/2003 3:53:00 PM,1/3/2019 12:27:51 PM,,2013,265,KITCHENER,WATER ST S LOT,,N\A,,-8960753.49989166,5380910.97842041
2021,RESERVED PARKING,LOT 3,ORTHO 2016,5/10/2016 12:00:00 AM,ACTIVE,9/17/2008 4:57:46 PM,11/24/2003 1:59:13 PM,1/3/2019 12:27:51 PM,,2013,393,KITCHENER,WATER ST S LOT,,N\A,,-8960801.65647366,5380955.00960424
2022,RESERVED PARKING,LOT 3,ORTHO 2016,5/10/2016 12:00:00 AM,ACTIVE,9/17/2008 4:57:46 PM,11/24/2003 1:59:16 PM,1/3/2019 12:27:51 PM,,2013,394,KITCHENER,WATER ST S LOT,,N\A,,-8960798.25213295,5380953.52968934
2023,RESERVED PARKING,LOT 3,ORTHO 2016,5/10/2016 12:00:00 AM,ACTIVE,9/17/2008 4:57:46 PM,11/24/2003 1:59:18 PM,1/3/2019 12:27:51 PM,,2013,395,KITCHENER,WATER ST S LOT,,N\A,,-8960794.79314545,5380952.02600413
2024,RESERVED PARKING,LOT 3,ORTHO 2016,5/10/2016 12:00:00 AM,ACTIVE,9/17/2008 4:57:46 PM,11/24/2003 1:59:19 PM,1/3/2019 12:27:51 PM,,2013,396,KITCHENER,WATER ST S LOT,,N\A,,-8960791.25182068,5380950.48653879
2025,RESERVED PARKING,LOT 3,ORTHO 2016,5/10/2016 12:00:00 AM,ACTIVE,9/17/2008 4:57:46 PM,11/24/2003 1:59:21 PM,1/3/2019 12:27:51 PM,,2013,397,KITCHENER,WATER ST S LOT,,N\A,,-8960787.80393812,5380948.98770021
2026,RESERVED PARKING,LOT 3,ORTHO 2016,5/10/2016 12:00:00 AM,ACTIVE,9/17/2008 4:57:46 PM,11/24/2003 1:59:23 PM,1/3/2019 12:27:51 PM,,2013,398,KITCHENER,WATER ST S LOT,,N\A,,-8960784.43481982,5380947.52309871
2027,RESERVED PARKING,LOT 3,ORTHO 2016,5/10/2016 12:00:00 AM,ACTIVE,9/17/2008 4:57:46 PM,11/24/2003 1:59:24 PM,1/3/2019 12:27:51 PM,,2013,399,KITCHENER,WATER ST S LOT,,N\A,,-8960781.01940411,5380946.0383524
2028,RESERVED PARKING,LOT 3,ORTHO 2016,5/10/2016 12:00:00 AM,ACTIVE,9/17/2008 4:57:46 PM,11/24/2003 1:59:26 PM,1/3/2019 12:27:51 PM,,2013,400,KITCHENER,WATER ST S LOT,,N\A,,-8960777.65257526,5380944.57472353
2029,RESERVED PARKING,LOT 3,ORTHO 2016,5/10/2016 12:00:00 AM,ACTIVE,9/17/2008 4:57:46 PM,11/24/2003 1:59:30 PM,1/3/2019 12:27:51 PM,,2013,401,KITCHENER,WATER ST S LOT,,N\A,,-8960774.08769611,5380943.02501089
2030,RESERVED PARKING,LOT 3,ORTHO 2016,5/10/2016 12:00:00 AM,ACTIVE,9/17/2008 4:57:46 PM,11/24/2003 1:59:56 PM,1/3/2019 12:27:51 PM,,2013,402,KITCHENER,WATER ST S LOT,,N\A,,-8960770.79941043,5380941.59552747
2031,RESERVED PARKING,LOT 3,ORTHO 2016,5/10/2016 12:00:00 AM,ACTIVE,9/17/2008 4:57:46 PM,11/24/2003 1:59:58 PM,1/3/2019 12:27:51 PM,,2013,403,KITCHENER,WATER ST S LOT,,N\A,,-8960767.22807177,5380940.04300295
2032,RESERVED PARKING,LOT 3,ORTHO 2016,5/10/2016 12:00:00 AM,ACTIVE,9/17/2008 4:57:46 PM,11/24/2003 1:59:59 PM,1/3/2019 12:27:51 PM,,2013,404,KITCHENER,WATER ST S LOT,,N\A,,-8960763.95488792,5380938.62008867
2033,RESERVED PARKING,LOT 3,ORTHO 2016,5/10/2016 12:00:00 AM,ACTIVE,9/17/2008 4:57:46 PM,11/24/2003 2:00:00 PM,1/3/2019 12:27:51 PM,,2013,405,KITCHENER,WATER ST S LOT,,N\A,,-8960760.5428096,5380937.1367864
2034,RESERVED PARKING,LOT 3,ORTHO 2016,5/10/2016 12:00:00 AM,ACTIVE,9/17/2008 4:57:46 PM,11/24/2003 2:00:02 PM,1/3/2019 12:27:51 PM,,2013,406,KITCHENER,WATER ST S LOT,,N\A,,-8960756.93610092,5380935.56889544
2035,RESERVED PARKING,LOT 3,ORTHO 2016,5/10/2016 12:00:00 AM,ACTIVE,9/17/2008 4:57:46 PM,11/24/2003 2:00:04 PM,1/3/2019 12:27:51 PM,,2013,407,KITCHENER,WATER ST S LOT,,N\A,,-8960753.50503911,5380934.07734299
2036,RESERVED PARKING,LOT 3,ORTHO 2016,5/10/2016 12:00:00 AM,ACTIVE,9/17/2008 4:57:46 PM,11/24/2003 2:00:06 PM,1/3/2019 12:27:51 PM,,2013,408,KITCHENER,WATER ST S LOT,,N\A,,-8960750.02956741,5380932.56648372
2037,RESERVED PARKING,LOT 3,ORTHO 2016,5/10/2016 12:00:00 AM,ACTIVE,9/17/2008 4:57:46 PM,11/24/2003 2:00:08 PM,1/3/2019 12:27:51 PM,,2013,409,KITCHENER,,,N\A,,-8960746.52043347,5380931.04096312
2038,RESERVED PARKING,LOT 3,ORTHO 2016,5/10/2016 12:00:00 AM,ACTIVE,9/17/2008 4:57:46 PM,11/24/2003 2:00:09 PM,1/3/2019 12:27:51 PM,,2013,410,KITCHENER,,,N\A,,-8960743.45731974,5380929.70938272
2039,RESERVED PARKING,LOT 3,ORTHO 2016,5/10/2016 12:00:00 AM,ACTIVE,9/17/2008 4:57:46 PM,11/24/2003 2:00:24 PM,1/3/2019 12:27:51 PM,,2013,416,KITCHENER,,,N\A,,-8960726.22485751,5380922.218009
2040,RESERVED PARKING,LOT 3,ORTHO 2016,5/10/2016 12:00:00 AM,ACTIVE,9/17/2008 4:57:46 PM,11/24/2003 2:00:16 PM,1/3/2019 12:27:51 PM,,2013,412,KITCHENER,,,N\A,,-8960740.00196948,5380928.20726692
2041,RESERVED PARKING,LOT 3,ORTHO 2016,5/10/2016 12:00:00 AM,ACTIVE,9/17/2008 4:57:46 PM,11/24/2003 2:00:19 PM,1/3/2019 12:27:51 PM,,2013,413,KITCHENER,,,N\A,,-8960736.50740557,5380926.68808773
2042,RESERVED PARKING,LOT 3,ORTHO 2016,5/10/2016 12:00:00 AM,ACTIVE,9/17/2008 4:57:46 PM,11/24/2003 2:00:21 PM,1/3/2019 12:27:51 PM,,2013,414,KITCHENER,,,N\A,,-8960732.89253346,5380925.11663171
2043,RESERVED PARKING,LOT 3,ORTHO 2016,5/10/2016 12:00:00 AM,ACTIVE,9/17/2008 4:57:46 PM,11/24/2003 2:00:23 PM,1/3/2019 12:27:51 PM,,2013,415,KITCHENER,,,N\A,,-8960729.73458422,5380923.74380758
2044,RESERVED PARKING,LOT 3,ORTHO 2016,5/10/2016 12:00:00 AM,ACTIVE,9/17/2008 4:57:47 PM,11/24/2003 2:00:29 PM,1/3/2019 12:27:51 PM,,2013,417,KITCHENER,,,N\A,,-8960723.06559998,5380920.84463883
2045,RESERVED PARKING,LOT 3,ORTHO 2016,5/10/2016 12:00:00 AM,ACTIVE,9/17/2008 4:57:47 PM,11/24/2003 2:00:29 PM,1/3/2019 12:27:51 PM,,2013,418,KITCHENER,,,N\A,,-8960719.23018819,5380919.17728374
2046,RESERVED PARKING,LOT 3,ORTHO 2016,5/10/2016 12:00:00 AM,ACTIVE,9/17/2008 4:57:47 PM,11/24/2003 2:00:31 PM,1/3/2019 12:27:51 PM,,2013,419,KITCHENER,,,N\A,,-8960716.01188868,5380917.77821611
2047,RESERVED PARKING,LOT 3,ORTHO 2016,5/10/2016 12:00:00 AM,ACTIVE,9/17/2008 4:57:47 PM,11/24/2003 2:00:33 PM,1/3/2019 12:27:51 PM,,2013,420,KITCHENER,LOT 3,,N\A,,-8960712.50165565,5380916.25220913
2048,RESERVED PARKING,LOT 3,ORTHO 2016,5/10/2016 12:00:00 AM,ACTIVE,9/17/2008 4:57:47 PM,11/24/2003 2:00:34 PM,1/3/2019 12:27:51 PM,,2013,421,KITCHENER,,,N\A,,-8960709.14062173,5380914.79109757
2058,LIGHT POLE,KCI-ARENA,ORTHO,11/24/2003 2:49:40 PM,ACTIVE,9/17/2008 4:57:47 PM,11/24/2003 2:49:40 PM,1/3/2019 12:27:51 PM,,2152,433,KITCHENER,DON MCLAREN ARENA SIDE,,N\A,,-8962324.45018508,5381494.68050896
2062,LIGHT POLE,KCI-ARENA,ORTHO,11/24/2003 2:49:39 PM,ACTIVE,9/17/2008 4:57:47 PM,11/24/2003 2:49:39 PM,1/3/2019 12:27:51 PM,,2152,432,KITCHENER,DON MCLAREN ARENA SIDE,,N\A,,-8962329.02485548,5381485.04743688
2063,LIGHT POLE,KCI-ARENA,ORTHO,11/24/2003 2:49:44 PM,ACTIVE,9/17/2008 4:57:47 PM,11/24/2003 2:49:44 PM,1/3/2019 12:27:51 PM,,2152,434,KITCHENER,DON MCLAREN ARENA SIDE,,N\A,,-8962321.66533951,5381500.57838255
2064,LIGHT POLE,KCI-ARENA,ORTHO,11/24/2003 2:49:47 PM,ACTIVE,9/17/2008 4:57:47 PM,11/24/2003 2:49:47 PM,1/3/2019 12:27:51 PM,,2152,435,KITCHENER,DON MCLAREN ARENA FRONT,,N\A,,-8962326.06560575,5381520.71322259
2065,LIGHT POLE,KCI-ARENA,ORTHO,11/24/2003 2:49:51 PM,ACTIVE,9/17/2008 4:57:47 PM,11/24/2003 2:49:51 PM,1/3/2019 12:27:51 PM,,2152,436,KITCHENER,DON MCLAREN AREA FRONT,,N\A,,-8962340.95582174,5381527.50402195
2066,LIGHT POLE,KCI-ARENA,ORTHO,11/24/2003 2:49:54 PM,ACTIVE,9/17/2008 4:57:47 PM,11/24/2003 2:49:54 PM,1/3/2019 12:27:51 PM,,2152,437,KITCHENER,DON MCLAREN AREA FRONT,,N\A,,-8962358.39516457,5381535.09850494
2074,HANDICAP PARKING,LOT 12,ORTHO 2016,5/10/1016 12:00:00 AM,ACTIVE,9/17/2008 4:57:47 PM,11/24/2003 2:51:23 PM,1/3/2019 12:27:51 PM,,2152,445,WRDSB,LOT 12,,N\A,,-8962360.44843506,5381544.82048861
2075,PAY AND DISPLAY,LOT 12,ORTHO 2016,5/10/1016 12:00:00 AM,ACTIVE,9/17/2008 4:57:47 PM,11/24/2003 2:51:47 PM,1/3/2019 12:27:51 PM,,2152,446,WRDSB,LOT 12,,N\A,,-8962344.21581727,5381588.45130102
2077,LIGHT POLE,KCI-ARENA,ORTHO,11/24/2003 3:38:28 PM,ACTIVE,9/17/2008 4:57:47 PM,11/24/2003 3:38:28 PM,1/3/2019 12:27:51 PM,,2152,448,KITCHENER,DON MCLAREN ARENA SIDE,,N\A,,-8962324.16820584,5381509.26760877
2078,LIGHT POLE,LOT 13,ORTHO 2016,5/10/2016 12:00:00 AM,ACTIVE,9/17/2008 4:57:47 PM,11/24/2003 3:43:59 PM,1/3/2019 12:27:51 PM,,2151,449,KITCHENER,LOT 13,,N\A,,-8962309.69450926,5381844.95132294
2079,LIGHT POLE,LOT 13,ORTHO 2016,5/10/2016 12:00:00 AM,ACTIVE,9/17/2008 4:57:47 PM,11/24/2003 3:44:07 PM,1/3/2019 12:27:51 PM,,2151,450,KITCHENER,LOT 13,,N\A,,-8962263.73618213,5381823.9476616
2080,LIGHT POLE,LOT 13,ORTHO 2016,5/10/2016 12:00:00 AM,ACTIVE,9/17/2008 4:57:47 PM,11/24/2003 3:44:10 PM,1/3/2019 12:27:51 PM,,2151,451,KITCHENER,LOT 13,,N\A,,-8962301.40385632,5381801.7759734
2081,LIGHT POLE,LOT 13,ORTHO 2016,5/10/2016 12:00:00 AM,ACTIVE,9/17/2008 4:57:47 PM,11/24/2003 3:44:13 PM,1/3/2019 12:27:51 PM,,2151,452,KITCHENER,LOT 13,,N\A,,-8962278.52608284,5381791.45786365
2082,LIGHT POLE,LOT 13,ORTHO 2016,5/10/2016 12:00:00 AM,ACTIVE,9/17/2008 4:57:47 PM,11/24/2003 3:44:15 PM,1/3/2019 12:27:51 PM,,2151,453,KITCHENER,LOT 13,,N\A,,-8962314.75701328,5381772.44438952
2083,LIGHT POLE,LOT 13,ORTHO 2016,5/10/2016 12:00:00 AM,ACTIVE,9/17/2008 4:57:47 PM,11/24/2003 3:44:18 PM,1/3/2019 12:27:51 PM,,2151,454,KITCHENER,LOT 13,,N\A,,-8962290.89975366,5381764.13945374
2085,HANDICAP PARKING,LOT 13,ORTHO 2016,5/10/2016 12:00:00 AM,ACTIVE,9/17/2008 4:57:47 PM,11/24/2003 3:46:00 PM,1/3/2019 12:27:51 PM,,2151,456,KITCHENER,LOT 13,,N\A,,-8962319.07562589,5381759.47575237
2086,HANDICAP PARKING,LOT 13,ORTHO 2016,5/10/2016 12:00:00 AM,ACTIVE,9/17/2008 4:57:47 PM,11/24/2003 3:46:06 PM,1/3/2019 12:27:51 PM,,2151,457,KITCHENER,LOT 13,,N\A,,-8962313.68418784,5381756.84043868
2087,HANDICAP PARKING,LOT 13,ORTHO 2016,5/10/2016 12:00:00 AM,ACTIVE,9/17/2008 4:57:47 PM,11/24/2003 3:46:11 PM,1/3/2019 12:27:51 PM,,2151,458,KITCHENER,LOT 13,,N\A,,-8962308.42694224,5381754.58961922
2088,PAY AND DISPLAY,LOT 13,ORTHO 2016,5/10/2016 12:00:00 AM,ACTIVE,9/17/2008 4:57:47 PM,11/24/2003 3:46:32 PM,1/3/2019 12:27:51 PM,,2151,459,KITCHENER,LOT 13,,N\A,,-8962306.13172932,5381750.10928168
2089,LIGHT POLE,LOT 14,ORTHO 2016,11/24/2003 3:48:54 PM,ACTIVE,9/17/2008 4:57:47 PM,11/24/2003 3:48:54 PM,1/3/2019 12:27:51 PM,,1945,460,KITCHENER,LOT 14,,N\A,,-8959426.55278123,5381237.86754244
2090,LIGHT POLE,LOT 14,ORTHO,11/24/2003 3:49:00 PM,ACTIVE,9/17/2008 4:57:47 PM,11/24/2003 3:49:00 PM,1/3/2019 12:27:51 PM,,1945,461,KITCHENER,LOT 14,,N\A,,-8959403.34382476,5381189.72010378
2091,LIGHT POLE,LOT 14,ORTHO 2016,11/24/2003 3:49:03 PM,ACTIVE,9/17/2008 4:57:47 PM,11/24/2003 3:49:03 PM,1/3/2019 12:27:51 PM,,1945,462,KITCHENER,LOT 14,,N\A,,-8959432.81558881,5381216.92971526
2092,LIGHT POLE,LOT 14,ORTHO 2016,11/24/2003 3:49:05 PM,ACTIVE,9/17/2008 4:57:47 PM,11/24/2003 3:49:05 PM,1/3/2019 12:27:51 PM,,1945,463,KITCHENER,LOT 14,,N\A,,-8959460.93159724,5381242.78250048
2093,LIGHT POLE,LOT 14,ORTHO 2016,11/24/2003 3:49:19 PM,ACTIVE,9/17/2008 4:57:46 PM,11/24/2003 3:49:19 PM,1/3/2019 12:27:51 PM,,1945,464,KITCHENER,LOT 14,,N\A,,-8959452.9232143,5381271.85955937
2095,PAY AND DISPLAY,LOT 14,ORTHO 2016,11/24/2003 3:50:27 PM,ACTIVE,9/17/2008 4:57:46 PM,11/24/2003 3:50:27 PM,1/3/2019 12:27:51 PM,,1945,466,KITCHENER,LOT 14,,N\A,,-8959442.25914568,5381226.26540715
2096,LIGHT POLE,LOT 19A,ORTHO 2016,5/15/2016 12:00:00 AM,ACTIVE,9/17/2008 4:57:46 PM,11/24/2003 3:52:26 PM,1/3/2019 12:27:51 PM,,5952,467,KITCHENER,LOT 19A (CENTRE IN THE SQUARE),,N\A,,-8959470.33516761,5381293.20768706
2097,LIGHT POLE,LOT 19A,ORTHO 2016,5/15/2016 12:00:00 AM,ACTIVE,9/17/2008 4:57:46 PM,11/24/2003 3:52:34 PM,1/3/2019 12:27:51 PM,,5952,468,KITCHENER,LOT 19A (CENTRE IN THE SQUARE),,N\A,,-8959527.95871635,5381294.10364685
2099,LIGHT POLE,LOT 19A,ORTHO 2016,5/15/2016 12:00:00 AM,ACTIVE,9/17/2008 4:57:46 PM,11/24/2003 3:52:53 PM,1/3/2019 12:27:51 PM,,5952,470,KITCHENER,LOT 19A (CENTRE IN THE SQUARE),,N\A,,-8959488.11371797,5381262.99993865
2106,PAY AND DISPLAY,LOT 15,ORTHO 2016,5/10/2016 12:00:00 AM,ACTIVE,9/17/2008 4:57:46 PM,8/8/2007 9:22:37 AM,1/3/2019 12:27:51 PM,,4769,679,KITCHENER,LOT 15,,N\A,,-8960565.84953436,5380695.15007299
2107,GREEN P PARKING SIGN,PARKING AHEAD,2009 ORTHO,,ACTIVE,7/19/2011 1:15:09 PM,7/19/2011 1:15:09 PM,4/2/2020 4:21:13 PM,,,27493,KITCHENER,BENTON ST AT CHARLES ST E ON UTILITY POLE,STRAIGHT/RIGHT,EAST,1,-8959951.07402106,5380410.48242165
2108,GREEN P PARKING SIGN,PARKING AHEAD,2009 ORTHO,,ACTIVE,7/19/2011 1:17:20 PM,7/19/2011 1:17:20 PM,4/2/2020 4:21:13 PM,,,27494,KITCHENER,BENTON ST AT KING ST E ON LIGHT POLE,STRAIGHT/RIGHT,EAST,2,-8959851.35191075,5380556.35469812
2109,GREEN P PARKING SIGN,PARKING AHEAD,2009 ORTHO,,ACTIVE,7/19/2011 1:18:20 PM,7/19/2011 1:18:20 PM,4/2/2020 4:21:13 PM,,,27495,KITCHENER,FREDERICK ST AT KING ST E ON LIGHT POLE,STRAIGHT/LEFT,EAST,12,-8959808.06216731,5380640.83913344
2110,GREEN P PARKING SIGN,PARKING AHEAD,2009 ORTHO,,ACTIVE,7/19/2011 1:20:22 PM,7/19/2011 1:20:22 PM,4/2/2020 4:21:13 PM,,,27496,KITCHENER,FREDERICK ST AT IRVIN ST ON LIGHT POLE,LEFT,EAST,11,-8959395.36734409,5381125.43550608
2111,GREEN P PARKING SIGN,PARKING,ORTHO 2016,5/10/2016 12:00:00 AM,ACTIVE,7/21/2011 9:06:47 AM,7/21/2011 9:06:47 AM,8/21/2020 1:40:19 PM,,1989,27550,KITCHENER,CITY HALL PARKING GARAGE ENTRANCE,P,WEST,43,-8960312.22726558,5380986.26020379
2112,GREEN P PARKING SIGN,PARKING AHEAD,2009 ORTHO,,ACTIVE,7/21/2011 9:39:11 AM,7/21/2011 9:39:11 AM,4/2/2020 4:21:13 PM,,,27551,KITCHENER,SCOTT ST AT DUKE ST E ON LIGHT POLE,STRAIGHT/LEFT,WEST,22,-8959566.8232863,5380701.21439524
2113,GREEN P PARKING SIGN,PARKING AHEAD,2009 ORTHO,,ACTIVE,7/21/2011 9:54:19 AM,7/21/2011 9:54:19 AM,4/2/2020 4:21:13 PM,,,27554,KITCHENER,DUKE ST E AT EBY ST N ON UTILITY POLE,STRAIGHT,NORTH,7,-8959390.46978053,5380567.47890952
2114,GREEN P PARKING SIGN,PARKING AHEAD,2009 ORTHO,,ACTIVE,7/21/2011 9:56:17 AM,7/21/2011 9:56:17 AM,4/2/2020 4:21:13 PM,,,27555,KITCHENER,DUKE ST E AT FREDERICK ST ON LIGHT POLE,STRAIGHT/LEFT,NORTH,8,-8959709.52504276,5380751.78506257
2115,GREEN P PARKING SIGN,PARKING AHEAD,2009 ORTHO,,ACTIVE,7/21/2011 9:57:53 AM,7/21/2011 9:57:53 AM,4/2/2020 4:21:13 PM,,,27556,KITCHENER,DUKE ST E AT QUEEN ST N ON LIGHT POLE,STRAIGHT/LEFT,NORTH,9,-8959895.29289408,5380851.64104214
2116,GREEN P PARKING SIGN,PARKING,ORTHO 2016,5/10/2016 12:00:00 AM,ACTIVE,7/21/2011 9:59:04 AM,7/21/2011 9:59:04 AM,8/21/2020 1:40:19 PM,,2023,27557,KITCHENER,DUKE ST PARKING GARAGE ENTRANCE,P,SOUTH,44,-8960018.69250103,5380894.19370901
2120,GREEN P PARKING SIGN,PARKING AHEAD,2009 ORTHO,,ACTIVE,7/19/2011 9:21:42 AM,7/19/2011 9:21:42 AM,4/2/2020 4:21:13 PM,,,27488,KITCHENER,FREDERICK ST AT OTTO ST ON LIGHT POLE,STRAIGHT/RIGHT,WEST,13,-8959337.61809693,5381195.87545201
2121,GREEN P PARKING SIGN,PARKING AHEAD,2009 ORTHO,,ACTIVE,7/19/2011 9:24:40 AM,7/19/2011 9:24:40 AM,4/2/2020 4:21:13 PM,,,27489,KITCHENER,FREDERICK ST AT WEBER ST E ON LIGHT POLE,STRAIGHT/LEFT/RIGHT,WEST,14,-8959624.63642214,5380986.19295731
2122,GREEN P PARKING SIGN,PARKING AHEAD,2009 ORTHO,,ACTIVE,7/19/2011 9:27:49 AM,7/19/2011 9:27:49 AM,4/2/2020 4:21:13 PM,,,27491,KITCHENER,FREDERICK ST AT DUKE ST E ON POLE,STRAIGHT/RIGHT,WEST,10,-8959747.57905249,5380823.06878928
2125,GREEN P PARKING SIGN,PARKING AHEAD,2009 ORTHO,,ACTIVE,7/19/2011 2:47:33 PM,7/19/2011 2:47:33 PM,4/2/2020 4:21:13 PM,,,27498,KITCHENER,QUEEN ST N AT DUKE ST W ON LIGHT POLE,STRAIGHT/RIGHT,WEST,19,-8959917.92621947,5380871.07197853
2126,GREEN P PARKING SIGN,PARKING AHEAD,2009 ORTHO,,ACTIVE,7/19/2011 3:08:49 PM,7/19/2011 3:08:49 PM,4/2/2020 4:21:13 PM,,,27499,KITCHENER,QUEEN ST S AT HALLS LN E ON LIGHT POLE,STRAIGHT/RIGHT,EAST,21,-8960028.15736766,5380643.97675063
2127,GREEN P PARKING SIGN,PARKING AHEAD,ORTHO 2016,5/15/2016 12:00:00 AM,ACTIVE,7/19/2011 3:10:05 PM,7/19/2011 3:10:05 PM,4/2/2020 4:21:13 PM,,,27500,KITCHENER,QUEEN ST N AT GOUDIES LN AT LIGHT POLE,STRAIGHT/LEFT,EAST,20,-8959946.61431012,5380793.25335387
2129,GREEN P PARKING SIGN,PARKING AHEAD,2009 ORTHO,,ACTIVE,7/19/2011 3:51:39 PM,7/19/2011 3:51:39 PM,4/2/2020 4:21:13 PM,,,27502,KITCHENER,VICTORIA ST S AT HALLS LN W ON LIGHT POLE,RIGHT,EAST,23,-8961025.20578241,5381089.12346229
2130,GREEN P PARKING SIGN,PARKING AHEAD,2009 ORTHO,,ACTIVE,7/19/2011 3:58:15 PM,7/19/2011 3:58:15 PM,4/2/2020 4:21:13 PM,,,27503,KITCHENER,WEBER ST E AT FREDERICK ST ON LIGHT POLE,STRAIGHT/RIGHT,SOUTH,27,-8959699.94573954,5380927.36005168
2131,GREEN P PARKING SIGN,PARKING AHEAD,2009 ORTHO,,ACTIVE,7/19/2011 4:02:16 PM,7/19/2011 4:02:16 PM,4/2/2020 4:21:13 PM,,,27504,KITCHENER,WEBER ST E AT CEDAR ST N ON POLE,RIGHT,SOUTH,25,-8959274.71463793,5380659.43055485
2132,GREEN P PARKING SIGN,PARKING AHEAD,2009 ORTHO,,ACTIVE,7/19/2011 4:05:41 PM,7/19/2011 4:05:41 PM,4/2/2020 4:21:13 PM,,,27505,KITCHENER,WEBER ST E AT CEDAR ST N ON LIGHT POLE,STRAIGHT/LEFT,NORTH,24,-8959101.47676684,5380581.56502394
2133,GREEN P PARKING SIGN,PARKING AHEAD,2009 ORTHO,,ACTIVE,7/19/2011 4:07:51 PM,7/19/2011 4:07:51 PM,4/2/2020 4:21:13 PM,,,27506,KITCHENER,WEBER ST E AT FREDERICK ST ON LIGHT POLE,STRAIGHT/LEFT,NORTH,26,-8959576.37636053,5380880.03574266
2135,ENTRANCE,CIVIC DISTRICT GARAGE,ORTHO 2016,9/29/2010 12:00:00 AM,ACTIVE,12/12/2011 4:33:27 PM,12/12/2011 4:33:27 PM,1/3/2019 12:27:51 PM,120,5903,28618,KITCHENER,CIVIC DISTRICT GARAGE,,N\A,,-8959750.40128401,5381115.45359707
2137,GREEN P PARKING SIGN,PARKING AHEAD,2009 ORTHO,,ACTIVE,7/18/2011 2:19:50 PM,7/18/2011 2:19:50 PM,4/2/2020 4:21:13 PM,,,27478,KITCHENER,KING ST E AT MADISON AVE N ON LIGHT POLE,STRAIGHT/LEFT,NORTH,18,-8959232.41164539,5380228.10740251
2138,GREEN P PARKING SIGN,PARKING AHEAD,2009 ORTHO,,ACTIVE,7/18/2011 2:38:58 PM,7/18/2011 2:38:58 PM,11/1/2023 9:58:17 AM,,,27479,KITCHENER,KING ST E AT CEDAR ST N ON LIGHT POLE,STRAIGHT,NORTH,16,-8959319.07070585,5380286.18682121
2140,GREEN P PARKING SIGN,PARKING AHEAD,2009 ORTHO,,ACTIVE,7/18/2011 2:54:53 PM,7/18/2011 2:54:53 PM,4/2/2020 4:21:13 PM,,,27481,KITCHENER,KING ST E AT BENTON ST ON LIGHT POLE,STRAIGHT/LEFT,SOUTH,15,-8959866.27998841,5380594.78932536
2141,GREEN P PARKING SIGN,PARKING AHEAD,2009 ORTHO,,ACTIVE,7/18/2011 2:57:58 PM,7/18/2011 2:57:58 PM,4/2/2020 4:21:13 PM,,2085,27482,KITCHENER,KING ST E AT CEDAR ST S ON LIGHT POLE,LEFT,SOUTH,17,-8959431.24367072,5380335.46937183
2143,GREEN P PARKING SIGN,PARKING AHEAD,2009 ORTHO,,ACTIVE,7/18/2011 4:03:49 PM,7/18/2011 4:03:49 PM,4/2/2020 4:21:13 PM,,,27484,KITCHENER,CHARLES ST E AT CEDAR ST S ON LIGHT POLE,LEFT,SOUTH,3,-8959501.46721998,5380206.18528405
2144,GREEN P PARKING SIGN,PARKING AHEAD,2009 ORTHO,,ACTIVE,7/18/2011 4:09:16 PM,7/18/2011 4:09:16 PM,4/2/2020 4:21:13 PM,,,27485,KITCHENER,CHARLES ST W AT ONTARIO ST S ON LIGHT POLE,STRAIGHT/LEFT,NORTH,4,-8960281.0695125,5380669.4475403
2147,GREEN P PARKING SIGN,PARKING AHEAD,2009 ORTHO,,ACTIVE,7/21/2011 10:11:50 AM,7/21/2011 10:11:50 AM,8/21/2020 11:38:36 AM,,2085,27559,KITCHENER,DUKE ST E AT CEDAR ST N ON LIGHT POLE,RIGHT,SOUTH,6,-8959302.88860293,5380493.79934955
2148,ENTRANCE ARROW,LOT 2,ORTHO 2016,5/15/2016 12:00:00 AM,ACTIVE,9/17/2008 4:57:47 PM,2/11/2004 3:59:43 PM,1/3/2019 12:27:51 PM,30,2043,569,KITCHENER,LOT 2,,N\A,,-8959898.38297931,5380733.2361878
2149,EXIT,LOT 15,ORTHO 2016,5/10/2016 12:00:00 AM,ACTIVE,9/17/2008 4:57:46 PM,8/8/2007 9:21:45 AM,1/3/2019 12:27:51 PM,21,4769,676,KITCHENER,LOT 15,,N\A,,-8960584.26345692,5380623.3415516
2151,ENTRANCE,CHARLES BENTON PARKING GARAGE,ORTHO 2016,5/10/2016 12:00:00 AM,ACTIVE,9/17/2008 4:57:47 PM,2/11/2004 3:19:16 PM,1/3/2019 12:27:51 PM,36,3130,562,KITCHENER,CHARLES BENTON PARKING GARAGE,,N\A,,-8960031.02783385,5380532.27399563
2153,ENTRANCE,LOT 23,ORTHO 2016,5/10/2016 12:00:00 AM,ACTIVE,9/17/2008 4:57:46 PM,2/11/2004 4:20:28 PM,1/3/2019 12:27:51 PM,30,2104,580,KITCHENER,LOT 23,,N\A,,-8959671.81076675,5380391.09540144
2154,ENTRANCE,LOT 27,ORTHO 2016,5/10/2016 12:00:00 AM,ACTIVE,9/17/2008 4:57:47 PM,2/12/2004 10:24:18 AM,1/3/2019 12:27:51 PM,300,2021,591,KITCHENER,LOT 27,,N\A,,-8960093.3551854,5380890.90542089
2157,ENTRANCE ARROW,CITY HALL,ORTHO 2016,5/10/2016 12:00:00 AM,ACTIVE,9/17/2008 4:57:47 PM,2/12/2004 8:58:28 AM,1/3/2019 12:27:51 PM,296,1989,587,KITCHENER,CITY HALL,,N\A,,-8960309.51011344,5380987.76295657
2159,ENTRANCE ARROW,DO RSRVD,ORTHO 2016,5/10/2016 12:00:00 AM,ACTIVE,9/17/2008 4:57:46 PM,2/12/2004 8:55:33 AM,1/3/2019 12:27:51 PM,210,2023,584,KITCHENER,DUKE PARKING GARAGE,,N\A,,-8960016.82412493,5380890.30041546
2160,ENTRANCE,LOT 24,ORTHO 2016,5/10/2016 12:00:00 AM,ACTIVE,10/31/2011 2:22:01 PM,10/31/2011 2:22:01 PM,1/3/2019 12:27:51 PM,308,5823,28150,KITCHENER,LOT 24,,N\A,,-8961501.75236004,5380727.8016785
2161,ENTRANCE,LOT 24,ORTHO 2016,5/10/2016 12:00:00 AM,ACTIVE,10/31/2011 2:19:29 PM,10/31/2011 2:19:29 PM,1/3/2019 12:27:51 PM,38,5823,28149,KITCHENER,LOT 24,,N\A,,-8961649.4255699,5380605.37838099
2163,ENTRANCE,LOT 9,ORTHO 2016,5/10/2016 12:00:00 AM,ACTIVE,9/17/2008 4:57:46 PM,2/11/2004 4:09:08 PM,1/3/2019 12:27:51 PM,300,2049,573,KITCHENER,LOT 9,,N\A,,-8960207.03599858,5380690.23832532
2167,ENTRANCE,LOT 23,ORTHO 2016,5/10/2016 12:00:00 AM,ACTIVE,9/17/2008 4:57:46 PM,2/11/2004 4:19:37 PM,1/3/2019 12:27:51 PM,210,2104,579,KITCHENER,LOT 23,,N\A,,-8959636.53091298,5380458.06879668
2168,ENTRANCE ARROW,LOT 13,ORTHO 2016,5/10/2016 12:00:00 AM,ACTIVE,9/17/2008 4:57:46 PM,2/11/2004 4:11:11 PM,1/3/2019 12:27:51 PM,23,2151,574,KITCHENER,LOT 13,,N\A,,-8962295.33316647,5381743.61434876
2170,EXIT,LOT 19B,ORTHO 2016,5/15/2016 12:00:00 AM,ACTIVE,8/26/2014 8:59:39 AM,12/15/2011 4:02:26 PM,1/3/2019 12:27:51 PM,30,7272,28698,KITCHENER,LOT 19B (KPL AND QUEEN ST N),,N\A,,-8959665.22421022,5381208.93011274
2178,ENTRANCE ARROW,LOT 3,ORTHO 2016,5/10/2016 12:00:00 AM,ACTIVE,9/17/2008 4:57:47 PM,2/11/2004 3:25:23 PM,9/11/2017 1:03:39 PM,290,2013,563,,,,NOT APPLI*,,-8960673.1872723,5380876.39419909
2180,ENTRANCE,LOT 12,ORTHO 2016,5/10/1016 12:00:00 AM,ACTIVE,9/17/2008 4:57:47 PM,2/12/2004 12:20:32 PM,1/3/2019 12:27:51 PM,114,2152,598,WRDSB,LOT 12,,N\A,,-8962356.38270463,5381581.1776182
2181,ENTRANCE,KCI-ARENA,ORTHO 2016,5/10/2016 12:00:00 AM,ACTIVE,9/17/2008 4:57:46 PM,2/12/2004 12:17:23 PM,1/3/2019 12:27:51 PM,205,6132,596,KITCHENER,KCI-ARENA,,N\A,,-8962224.12521619,5381450.32461018
2182,EXIT,,ORTHO,7/9/2003 3:52:58 PM,ACTIVE,9/17/2008 4:57:47 PM,7/9/2003 3:52:58 PM,7/26/2011 4:19:27 PM,200,,201,,,,NOT APPLI*,,-8960626.13654059,5380920.84525476
2183,ENTRANCE,,ORTHO,7/9/2003 3:52:58 PM,ACTIVE,9/17/2008 4:57:47 PM,7/9/2003 3:52:58 PM,7/26/2011 4:19:27 PM,20,,202,,,,NOT APPLI*,,-8960628.19564957,5380916.10325005
2184,ENTRANCE,,ORTHO,7/9/2003 3:52:58 PM,ACTIVE,9/17/2008 4:57:47 PM,7/9/2003 3:52:58 PM,7/26/2011 4:19:27 PM,205,,203,,,,NOT APPLI*,,-8960426.33113545,5380833.0264229
2185,EXIT,,ORTHO,7/9/2003 3:52:58 PM,ACTIVE,9/17/2008 4:57:47 PM,7/9/2003 3:52:58 PM,7/26/2011 4:19:27 PM,25,,204,,,,NOT APPLI*,,-8960428.04575468,5380829.30122283
2186,EXIT,,ORTHO,7/9/2003 3:52:58 PM,ACTIVE,9/17/2008 4:57:47 PM,7/9/2003 3:52:58 PM,7/26/2011 4:19:27 PM,115,131,205,,,,NOT APPLI*,,-8960391.12308867,5380723.79785816
2187,ENTRANCE,,ORTHO,7/9/2003 3:52:58 PM,ACTIVE,9/17/2008 4:57:47 PM,7/9/2003 3:52:58 PM,7/26/2011 4:19:27 PM,295,131,206,,,,NOT APPLI*,,-8960387.07273518,5380722.07508521
2188,LIGHT POLE,LOT 9,ORTHO 2016,7/9/2003 3:52:58 PM,ACTIVE,9/17/2008 4:57:47 PM,7/9/2003 3:52:58 PM,1/3/2019 12:27:51 PM,,2049,207,KITCHENER,LOT 9,,N\A,,-8960238.50208271,5380715.52153
2191,LIGHT POLE,,ORTHO,7/9/2003 3:52:58 PM,ACTIVE,9/17/2008 4:57:47 PM,7/9/2003 3:52:58 PM,1/3/2019 12:27:51 PM,,114,210,PRIVATE,PROVINCIAL COURT HOUSE,,N\A,,-8959555.47507166,5380800.49700378
2192,LIGHT POLE,,ORTHO,7/9/2003 3:52:58 PM,ACTIVE,9/17/2008 4:57:47 PM,7/9/2003 3:52:58 PM,1/3/2019 12:27:51 PM,,114,211,PRIVATE,PROVINCIAL COURT HOUSE,,N\A,,-8959614.43264855,5380733.28098737
2193,EXIT,,ORTHO,7/9/2003 3:52:58 PM,ACTIVE,9/17/2008 4:57:47 PM,7/9/2003 3:52:58 PM,7/26/2011 4:19:27 PM,50,,212,,,,NOT APPLI*,,-8959641.00897844,5380978.9826651
2194,ENTRANCE,,ORTHO,7/9/2003 3:52:58 PM,ACTIVE,9/17/2008 4:57:47 PM,7/9/2003 3:52:58 PM,7/26/2011 4:19:27 PM,230,,213,,,,NOT APPLI*,,-8959636.92732437,5380982.35350423
2195,ENTRANCE,,ORTHO,7/9/2003 3:52:58 PM,ACTIVE,9/17/2008 4:57:47 PM,7/9/2003 3:52:58 PM,7/26/2011 4:19:27 PM,30,68,214,,,,NOT APPLI*,,-8959778.19737625,5381067.79159755
2196,EXIT,,ORTHO,7/9/2003 3:52:58 PM,ACTIVE,9/17/2008 4:57:47 PM,7/9/2003 3:52:58 PM,7/26/2011 4:19:27 PM,210,68,215,,,,NOT APPLI*,,-8959776.14405246,5381071.51467863
2199,ENTRANCE,,ORTHO,7/9/2003 3:52:58 PM,ACTIVE,9/17/2008 4:57:47 PM,7/9/2003 3:52:58 PM,7/26/2011 4:19:27 PM,210,,221,,,,NOT APPLI*,,-8959581.86425122,5381021.40744623
2200,EXIT,,ORTHO,7/9/2003 3:52:59 PM,ACTIVE,9/17/2008 4:57:47 PM,7/9/2003 3:52:59 PM,7/26/2011 4:19:27 PM,30,,222,,,,NOT APPLI*,,-8959585.26496377,5381018.71162263
2201,ENTRANCE,,ORTHO,7/9/2003 3:52:59 PM,ACTIVE,9/17/2008 4:57:47 PM,7/9/2003 3:52:59 PM,3/16/2017 2:54:26 PM,125,,223,,,,NOT APPLI*,,-8959325.50158042,5381386.59096218
2202,EXIT,,ORTHO,7/9/2003 3:52:59 PM,ACTIVE,9/17/2008 4:57:47 PM,7/9/2003 3:52:59 PM,3/16/2017 2:54:26 PM,305,,224,,,,NOT APPLI*,,-8959321.22036622,5381383.38427239
2203,ENTRANCE,LOT 14,ORTHO 2016,7/9/2003 3:52:59 PM,ACTIVE,9/17/2008 4:57:47 PM,7/9/2003 3:52:59 PM,1/3/2019 12:27:51 PM,245,1945,225,KITCHENER,LOT 14,,N\A,,-8959432.08137404,5381255.30353007
2204,EXIT,LOT 14,ORTHO 2016,7/9/2003 3:52:59 PM,ACTIVE,9/17/2008 4:57:47 PM,7/9/2003 3:52:59 PM,1/3/2019 12:27:51 PM,245,1945,226,KITCHENER,LOT 14,,N\A,,-8959429.66563302,5381250.46690718
2206,LIGHT POLE,,ORTHO,7/9/2003 3:52:59 PM,ACTIVE,9/17/2008 4:57:47 PM,7/9/2003 3:52:59 PM,1/3/2019 12:27:51 PM,,29,228,PRIVATE,KAUFMAN LOFT PARKING LOT,,N\A,,-8960740.90934356,5381230.6616066
2207,LIGHT POLE,,ORTHO,7/9/2003 3:52:59 PM,ACTIVE,9/17/2008 4:57:47 PM,7/9/2003 3:52:59 PM,1/3/2019 12:27:51 PM,,29,229,PRIVATE,KAUFMAN LOFT PARKING LOT,,N\A,,-8960832.98672242,5381262.25114285
2208,LIGHT POLE,LOT 15,ORTHO 2016,5/10/2016 12:00:00 AM,ACTIVE,9/17/2008 4:57:47 PM,7/9/2003 3:52:59 PM,1/3/2019 12:27:51 PM,,4769,230,KITCHENER,LOT 15,,N\A,,-8960523.51937006,5380665.16568292
2209,LIGHT POLE,LOT 15,ORTHO 2016,5/10/2016 12:00:00 AM,ACTIVE,9/17/2008 4:57:47 PM,7/9/2003 3:52:59 PM,1/3/2019 12:27:51 PM,,4769,231,KITCHENER,LOT 15,,N\A,,-8960550.50359948,5380733.60775642
2210,EXIT,,ORTHO,7/9/2003 3:52:59 PM,ACTIVE,9/17/2008 4:57:47 PM,7/9/2003 3:52:59 PM,7/26/2011 4:19:27 PM,200,111,232,,,,NOT APPLI*,,-8960712.62165443,5380781.66947597
2212,LIGHT POLE,,ORTHO,7/9/2003 3:52:59 PM,ACTIVE,9/17/2008 4:57:47 PM,7/9/2003 3:52:59 PM,1/3/2019 12:27:51 PM,,111,234,PRIVATE,MANULIFE PARKING LOT,,N\A,,-8960720.88853552,5380788.49403378
2213,LIGHT POLE,LOT 15,ORTHO 2016,5/10/2016 12:00:00 AM,ACTIVE,9/17/2008 4:57:47 PM,7/9/2003 3:52:59 PM,1/3/2019 12:27:51 PM,,4769,235,KITCHENER,LOT 15,,N\A,,-8960583.21629286,5380652.02907174
2214,EXIT,,ORTHO,7/9/2003 3:52:59 PM,ACTIVE,9/17/2008 4:57:47 PM,7/9/2003 3:52:59 PM,7/26/2011 4:19:27 PM,40,166,236,,,,NOT APPLI*,,-8960390.03788547,5380501.46945696
2215,EXIT,,ORTHO,7/9/2003 3:52:59 PM,ACTIVE,9/17/2008 4:57:47 PM,7/9/2003 3:52:59 PM,7/26/2011 4:19:27 PM,115,65,237,,,,NOT APPLI*,,-8961020.42266407,5381080.01516454
2217,LIGHT POLE,LOT 3,ORTHO,7/9/2003 3:52:59 PM,ACTIVE,9/17/2008 4:57:47 PM,7/9/2003 3:52:59 PM,1/3/2019 12:27:51 PM,,2013,241,KITCHENER,WATER ST S LOT,,N\A,,-8960790.48165394,5380925.41681282
2218,ENTRANCE,,ORTHO,7/9/2003 3:52:59 PM,ACTIVE,9/17/2008 4:57:47 PM,7/9/2003 3:52:59 PM,7/26/2011 4:19:27 PM,205,85,242,,,,NOT APPLI*,,-8960038.85211544,5380999.36787841
2219,PAY BOOTH,,ORTHO,7/9/2003 3:52:59 PM,ACTIVE,9/17/2008 4:57:47 PM,7/9/2003 3:52:59 PM,7/26/2011 4:19:27 PM,,111,243,,,,NOT APPLI*,,-8960717.26338446,5380786.90865774
2220,LIGHT POLE,LOT 16,ORTHO,7/9/2003 3:52:59 PM,ACTIVE,9/17/2008 4:57:47 PM,7/9/2003 3:52:59 PM,1/3/2019 12:27:51 PM,,2011,244,KITCHENER,WATER ST S LOT,,N\A,,-8960707.4719366,5380920.88877161
2221,HANDICAP PARKING,,ORTHO,7/9/2003 3:52:59 PM,ACTIVE,9/17/2008 4:57:47 PM,7/9/2003 3:52:59 PM,7/26/2011 4:19:27 PM,,166,246,,,,NOT APPLI*,,-8960399.54112739,5380500.17559594
2225,EXIT,CHARLES BENTON PARKING GARAGE,ORTHO,7/9/2003 3:52:59 PM,ACTIVE,9/17/2008 4:57:47 PM,7/9/2003 3:52:59 PM,1/3/2019 12:27:51 PM,36,3130,250,KITCHENER,CHARLES BENTON PARKING GARAGE,,N\A,,-8960039.27400525,5380535.97012359
2227,ENTRANCE,LOT 3,ORTHO 2016,7/9/2003 3:52:59 PM,ACTIVE,9/17/2008 4:57:47 PM,7/9/2003 3:52:59 PM,1/3/2019 12:27:51 PM,290,2013,252,KITCHENER,LOT 3,,N\A,,-8960670.72359301,5380875.26107613
2229,LIGHT POLE,,ORTHO,7/9/2003 3:52:59 PM,ACTIVE,9/17/2008 4:57:47 PM,7/9/2003 3:52:59 PM,1/3/2019 12:27:51 PM,,145,255,PRIVATE,PRIVATE PARKING,,N\A,,-8960164.14095457,5380651.47810293
2230,PAY BOOTH,,ORTHO,7/9/2003 3:52:59 PM,ACTIVE,9/17/2008 4:57:47 PM,7/9/2003 3:52:59 PM,7/26/2011 4:19:27 PM,,166,256,,,,NOT APPLI*,,-8960387.45242506,5380503.85458851
2231,EXIT,LOT 22,ORTHO 2016,5/10/2016 12:00:00 AM,ACTIVE,9/17/2008 4:57:47 PM,7/9/2003 3:52:59 PM,1/3/2019 12:27:51 PM,210,2064,257,KITCHENER,LOT 22,,N\A,,-8960317.38794205,5380658.52471726
2234,ENTRANCE,,ORTHO,7/9/2003 3:52:59 PM,ACTIVE,9/17/2008 4:57:47 PM,7/9/2003 3:52:59 PM,7/26/2011 4:19:27 PM,25,111,260,,,,NOT APPLI*,,-8960710.76824323,5380787.65090003
2236,LIGHT POLE,,ORTHO,7/9/2003 3:53:00 PM,ACTIVE,9/17/2008 4:57:47 PM,7/9/2003 3:53:00 PM,1/3/2019 12:27:51 PM,,166,262,KITCHENER,FAMILY MEDICAL CENTRE LOT,,N\A,,-8960397.69347338,5380526.85836611
2238,EXIT,LOT 16,ORTHO 2016,7/9/2003 3:53:00 PM,ACTIVE,9/17/2008 4:57:47 PM,7/9/2003 3:53:00 PM,1/3/2019 12:27:51 PM,110,2011,264,KITCHENER,LOT 16,,N\A,,-8960812.52856528,5380980.42436916
2239,EXIT,LOT 6,ORTHO 2016,7/9/2003 3:53:00 PM,ACTIVE,9/17/2008 4:57:47 PM,7/9/2003 3:53:00 PM,1/3/2019 12:27:51 PM,20,2002,266,KITCHENER,LOT 6,,N\A,,-8960764.30488756,5380963.7047952
2240,EXIT,CITY HALL,ORTHO 2016,5/10/2016 12:00:00 AM,ACTIVE,9/17/2008 4:57:47 PM,7/9/2003 3:53:00 PM,1/3/2019 12:27:51 PM,296,1989,267,KITCHENER,CITY HALL,,N\A,,-8960308.78121326,5380980.5589375
2241,ENTRANCE,,ORTHO,7/9/2003 3:53:00 PM,ACTIVE,9/17/2008 4:57:47 PM,7/9/2003 3:53:00 PM,7/26/2011 4:19:27 PM,220,166,269,,,,NOT APPLI*,,-8960386.06468325,5380506.84338825
2242,EXIT,,ORTHO 2016,5/10/2016 12:00:00 AM,ACTIVE,9/17/2008 4:57:47 PM,7/9/2003 3:53:00 PM,1/3/2019 12:27:51 PM,210,2023,270,KITCHENER,DUKE PARKING GARAGE,,N\A,,-8960020.51421492,5380895.49947617
2243,LIGHT POLE,,ORTHO,7/9/2003 3:53:00 PM,ACTIVE,9/17/2008 4:57:47 PM,7/9/2003 3:53:00 PM,1/3/2019 12:27:51 PM,,166,271,KITCHENER,FAMILY MEDICAL CENTRE LOT,,N\A,,-8960422.72746827,5380546.79736181
2244,ENTRANCE,LOT 16,ORTHO 2016,7/9/2003 3:53:00 PM,ACTIVE,9/17/2008 4:57:47 PM,7/9/2003 3:53:00 PM,1/3/2019 12:27:51 PM,110,2011,273,KITCHENER,LOT 16,,N\A,,-8960813.97274221,5380976.97800243
2246,HANDICAP PARKING,,2009 ORTHO,7/9/2003 3:53:00 PM,ACTIVE,9/17/2008 4:57:47 PM,7/9/2003 3:53:00 PM,1/3/2019 12:27:51 PM,,166,275,KITCHENER,,,N\A,,-8960404.07818608,5380504.04780443
2247,ENTRANCE,,ORTHO,7/9/2003 3:53:00 PM,ACTIVE,9/17/2008 4:57:47 PM,7/9/2003 3:53:00 PM,7/26/2011 4:19:27 PM,290,65,277,,,,NOT APPLI*,,-8961016.11879552,5381078.25728639
2248,EXIT,LOT 3,ORTHO,7/9/2003 3:53:00 PM,ACTIVE,9/17/2008 4:57:47 PM,7/9/2003 3:53:00 PM,1/3/2019 12:27:51 PM,290,2013,278,KITCHENER,,,N\A,,-8960672.71948729,5380870.20168028
2249,LIGHT POLE,LOT 16,ORTHO,7/9/2003 3:53:00 PM,ACTIVE,9/17/2008 4:57:47 PM,7/9/2003 3:53:00 PM,1/3/2019 12:27:51 PM,,2011,280,KITCHENER,WATER ST S LOT,,N\A,,-8960744.31848715,5380936.37082222
2250,ENTRANCE,,ORTHO 2016,5/10/2016 12:00:00 AM,ACTIVE,9/17/2008 4:57:47 PM,7/9/2003 3:53:00 PM,1/3/2019 12:27:51 PM,210,2023,281,KITCHENER,DUKE PARKING GARAGE,,N\A,,-8960015.27878381,5380892.8440954
2251,ENTRANCE,LOT 22,ORTHO 2016,5/10/2016 12:00:00 AM,ACTIVE,9/17/2008 4:57:47 PM,7/9/2003 3:53:00 PM,1/3/2019 12:27:51 PM,210,2064,282,KITCHENER,LOT 22,,N\A,,-8960320.91280043,5380660.06459515
2253,LIGHT POLE,LOT 16,ORTHO,7/9/2003 3:53:00 PM,ACTIVE,9/17/2008 4:57:47 PM,7/9/2003 3:53:00 PM,1/3/2019 12:27:51 PM,,2011,285,KITCHENER,WATER ST S LOT,,N\A,,-8960779.8936863,5380952.63436154
2254,LIGHT POLE,LOT 15,ORTHO 2016,5/10/2016 12:00:00 AM,ACTIVE,9/17/2008 4:57:47 PM,7/9/2003 3:53:00 PM,1/3/2019 12:27:51 PM,,4769,287,KITCHENER,LOT 15,,N\A,,-8960535.00089629,5380636.92755587
2255,LIGHT POLE,LOT 19B,ORTHO 2016,5/15/2016 12:00:00 AM,ACTIVE,9/17/2008 4:57:47 PM,11/24/2003 3:53:03 PM,1/3/2019 12:27:51 PM,,7272,474,KITCHENER,LOT 19B (KPL AND QUEEN ST N),,N\A,,-8959639.95265494,5381220.86140118
2256,LIGHT POLE,LOT 19B,ORTHO 2016,5/15/2016 12:00:00 AM,ACTIVE,9/17/2008 4:57:47 PM,11/24/2003 3:53:06 PM,1/3/2019 12:27:51 PM,,7272,475,KITCHENER,LOT 19B (KPL AND QUEEN ST N),,N\A,,-8959624.47610587,5381249.22809447
2257,LIGHT POLE,LOT 19A,ORTHO 2016,5/15/2016 12:00:00 AM,ACTIVE,9/17/2008 4:57:47 PM,11/24/2003 3:53:36 PM,1/3/2019 12:27:51 PM,,5952,476,KITCHENER,LOT 19A (CENTRE IN THE SQUARE),,N\A,,-8959527.74268388,5381317.85102302
2258,LIGHT POLE,LOT 14,ORTHO 2016,11/24/2003 3:54:53 PM,ACTIVE,9/17/2008 4:57:47 PM,11/24/2003 3:54:53 PM,1/3/2019 12:27:51 PM,,1939,477,KITCHENER,LOT 14,,N\A,,-8959463.51679597,5381254.25403058
2260,PAY AND DISPLAY,CIVIC DISTRICT GARAGE,ORTHO,11/24/2003 3:56:48 PM,PENDING,6/25/2012 3:24:41 PM,11/24/2003 3:56:48 PM,9/11/2017 12:42:32 PM,,5903,479,KITCHENER,,,NOT APPLI*,,-8959602.36177094,5381142.58757815
2261,PAY AND DISPLAY,LOT 19A,ORTHO 2016,5/15/2016 12:00:00 AM,ACTIVE,9/17/2008 4:57:47 PM,11/24/2003 3:57:06 PM,1/3/2019 12:27:51 PM,,5952,480,KITCHENER,LOT 19A (CENTRE IN THE SQUARE),,N\A,,-8959516.78815137,5381328.94020871
2264,HANDICAP PARKING,LOT 19A,ORTHO 2016,5/15/2016 12:00:00 AM,ACTIVE,9/17/2008 4:57:47 PM,11/24/2003 3:58:47 PM,1/3/2019 12:27:51 PM,,5952,483,KITCHENER,LOT 19A (CENTRE IN THE SQUARE),,N\A,,-8959522.54621521,5381302.43134164
2265,HANDICAP PARKING,LOT 19A,ORTHO 2016,5/15/2016 12:00:00 AM,ACTIVE,9/17/2008 4:57:47 PM,11/24/2003 3:58:47 PM,1/3/2019 12:27:51 PM,,5952,484,KITCHENER,LOT 19A (CENTRE IN THE SQUARE),,N\A,,-8959519.23285027,5381308.43378164
2268,HANDICAP PARKING,LOT 22,ORTHO 2016,5/10/2016 12:00:00 AM,ACTIVE,9/17/2008 4:57:47 PM,11/24/2003 4:13:06 PM,1/3/2019 12:27:51 PM,,2064,487,KITCHENER,LOT 22,,N\A,,-8960330.79607114,5380634.5420415
2270,RESERVED PARKING,LOT 22,ORTHO 2016,5/10/2016 12:00:00 AM,ACTIVE,9/17/2008 4:57:47 PM,11/24/2003 4:13:50 PM,1/3/2019 12:27:51 PM,,2064,489,KITCHENER,LOT 22,,N\A,,-8960327.11880293,5380632.2775791
2271,RESERVED PARKING,LOT 22,ORTHO 2016,5/10/2016 12:00:00 AM,ACTIVE,9/17/2008 4:57:47 PM,11/24/2003 4:13:52 PM,1/3/2019 12:27:51 PM,,2064,490,KITCHENER,LOT 22,,N\A,,-8960323.961732,5380630.4859966
2272,RESERVED PARKING,LOT 22,ORTHO 2016,5/10/2016 12:00:00 AM,ACTIVE,9/17/2008 4:57:47 PM,11/24/2003 4:13:58 PM,1/3/2019 12:27:51 PM,,2064,491,KITCHENER,LOT 22,,N\A,,-8960320.85473803,5380628.52851721
2273,PAY AND DISPLAY,LOT 22,ORTHO 2016,5/10/2016 12:00:00 AM,ACTIVE,9/17/2008 4:57:47 PM,11/24/2003 4:14:32 PM,1/3/2019 12:27:51 PM,,2064,492,KITCHENER,LOT 22,,N\A,,-8960329.9967521,5380647.58457686
2289,LIGHT POLE,LOT 2,ORTHO 2016,5/15/2016 12:00:00 AM,ACTIVE,9/17/2008 4:57:47 PM,11/24/2003 4:28:38 PM,1/3/2019 12:27:51 PM,,2043,516,KITCHENER,LOT 2,,N\A,,-8959907.33124445,5380772.80617036
2306,LIGHT POLE,LOT 9,ORTHO 2016,12/2/2003 1:31:01 PM,ACTIVE,9/17/2008 4:57:47 PM,12/2/2003 1:31:01 PM,1/3/2019 12:27:51 PM,,2049,533,KITCHENER,LOT 9,,N\A,,-8960279.14932473,5380727.09125026
2307,HANDICAP PARKING,LOT 9,ORTHO 2016,12/2/2003 1:31:17 PM,ACTIVE,9/17/2008 4:57:47 PM,12/2/2003 1:31:17 PM,1/3/2019 12:27:51 PM,,2049,534,KITCHENER,LOT 9,,N\A,,-8960210.22470689,5380698.77540498
2308,RESERVED PARKING,,ORTHO,12/2/2003 1:33:35 PM,ACTIVE,9/17/2008 4:57:47 PM,12/2/2003 1:33:35 PM,1/3/2019 12:27:51 PM,,2087,535,KITCHENER,,,N\A,,-8959630.81166686,5380508.34466275
2309,RESERVED PARKING,LOT 23,ORTHO 2016,12/2/2003 1:34:30 PM,ACTIVE,9/17/2008 4:57:47 PM,12/2/2003 1:34:30 PM,1/3/2019 12:27:51 PM,,2104,536,KITCHENER,LOT 23,,N\A,,-8959689.99918174,5380406.18270919
2310,RESERVED PARKING,LOT 23,ORTHO 2016,12/2/2003 1:34:32 PM,ACTIVE,9/17/2008 4:57:47 PM,12/2/2003 1:34:32 PM,1/3/2019 12:27:51 PM,,2104,537,KITCHENER,LOT 23,,N\A,,-8959687.26628704,5380404.50894907
2311,RESERVED PARKING,LOT 23,ORTHO 2016,12/2/2003 1:34:33 PM,ACTIVE,9/17/2008 4:57:47 PM,12/2/2003 1:34:33 PM,1/3/2019 12:27:51 PM,,2104,538,KITCHENER,LOT 23,,N\A,,-8959684.03870367,5380402.60627642
2312,HANDICAP PARKING,LOT 23,ORTHO 2016,12/2/2003 1:34:57 PM,ACTIVE,9/17/2008 4:57:47 PM,12/2/2003 1:34:57 PM,1/3/2019 12:27:51 PM,,2104,539,KITCHENER,LOT 23,,N\A,,-8959635.62422675,5380441.39600555
2313,HANDICAP PARKING,LOT 23,ORTHO 2016,12/2/2003 1:34:58 PM,ACTIVE,9/17/2008 4:57:47 PM,12/2/2003 1:34:58 PM,1/3/2019 12:27:51 PM,,2104,540,KITCHENER,LOT 23,,N\A,,-8959632.03372784,5380447.55227459
2314,SALTBOX,LOT 19A,ORTHO 2016,5/15/2016 12:00:00 AM,ACTIVE,9/17/2008 4:57:47 PM,12/18/2003 9:06:14 AM,1/3/2019 12:27:51 PM,,5952,541,KITCHENER,LOT 19A (CENTRE IN THE SQUARE),,N\A,,-8959534.44167949,5381297.55667252
2316,SALTBOX,LOT 3,ORTHO,12/18/2003 9:12:25 AM,ACTIVE,9/17/2008 4:57:47 PM,12/18/2003 9:12:25 AM,6/11/2014 2:28:26 PM,,2013,543,,,,NOT APPLI*,,-8960694.67646332,5380883.4336733
2317,EXIT,CHARLES BENTON PARKING GARAGE,ORTHO 2016,5/10/2016 12:00:00 AM,ACTIVE,9/17/2008 4:57:47 PM,7/9/2003 3:52:59 PM,1/3/2019 12:27:51 PM,36,3130,253,KITCHENER,CHARLES BENTON PARKING GARAGE,,N\A,,-8960035.3236058,5380534.19945342
2318,SALTBOX,CHARLES BENTON PARKING GARAGE,ORTHO,12/18/2003 9:13:14 AM,ACTIVE,9/17/2008 4:57:47 PM,12/18/2003 9:13:14 AM,1/3/2019 12:27:51 PM,,3130,544,KITCHENER,CHARLES BENTON PARKING GARAGE,,N\A,,-8960014.22499698,5380569.8309203
2320,ENTRANCE ARROW,,ORTHO,2/12/2004 8:57:27 AM,ACTIVE,9/17/2008 4:57:47 PM,2/12/2004 8:57:27 AM,7/26/2011 4:19:27 PM,265,2045,586,,,,NOT APPLI*,,-8959594.39776548,5380684.93043126
2322,ENTRANCE ARROW,,ORTHO,2/12/2004 10:20:25 AM,ACTIVE,9/17/2008 4:57:47 PM,2/12/2004 10:20:25 AM,7/26/2011 4:19:27 PM,185,2053,590,,,,NOT APPLI*,,-8959579.3444364,5380660.77226666
2323,ENTRANCE ARROW,,ORTHO,2/12/2004 12:07:08 PM,ACTIVE,9/17/2008 4:57:47 PM,2/12/2004 12:07:08 PM,7/26/2011 4:19:27 PM,310,2068,592,,,,NOT APPLI*,,-8960027.60184421,5380615.34679888
2324,PAY BOOTH,LOT 6,ORTHO 2016,5/10/2016 12:00:00 AM,HISTORIC,5/9/2017 4:14:43 PM,7/9/2003 3:53:00 PM,9/11/2017 2:36:54 PM,,2002,272,KITCHENER,LOT 6,,NOT APPLI*,,-8960734.60264822,5380993.72501685
3522,ENTRANCE,CIVIC DISTRICT PARKING GARAGE,ORTHO 2016,5/15/2016 12:00:00 AM,ACTIVE,3/19/2014 12:00:00 AM,3/19/2014 4:29:22 PM,1/3/2019 12:27:51 PM,210,5904,41308,KITCHENER,CIVIC DISTRICT GARAGE 2,,N\A,,-8959519.9834121,5381246.6401893
3523,ENTRANCE ARROW,LOT 19A,ORTHO 2016,5/15/2016 12:00:00 AM,ACTIVE,3/19/2014 12:00:00 AM,3/19/2014 4:31:55 PM,1/3/2019 12:27:51 PM,210,5952,41309,KITCHENER,LOT 19A (CENTRE IN THE SQUARE),,N\A,,-8959516.68847036,5381252.03704037
3524,ENTRANCE,LOT 19A,ORTHO 2016,5/15/2016 12:00:00 AM,ACTIVE,9/17/2008 4:57:47 PM,2/12/2004 8:59:58 AM,1/3/2019 12:27:51 PM,210,5952,696,KITCHENER,LOT 19A (CENTRE IN THE SQUARE),,N\A,,-8959480.48968282,5381314.12733581
3525,EXIT,LOT 19A,ORTHO 2016,5/15/2016 12:00:00 AM,ACTIVE,3/19/2014 4:48:02 PM,3/19/2014 4:48:02 PM,1/3/2019 12:27:51 PM,210,5952,41312,KITCHENER,LOT 19A (CENTRE IN THE SQUARE),,N\A,,-8959475.14947025,5381310.86751043
3842,PAY AND DISPLAY,LOT 19B,ORTHO 2016,5/15/2016 12:00:00 AM,ACTIVE,8/26/2014 12:00:00 AM,8/26/2014 8:55:01 AM,1/3/2019 12:27:51 PM,,7272,48709,KITCHENER,LOT 19B (KPL AND QUEEN ST N),,N\A,,-8959642.80259408,5381198.49140849
3843,ENTRANCE,LOT 19B,ORTHO 2016,5/15/2016 12:00:00 AM,ACTIVE,8/26/2014 12:00:00 AM,8/26/2014 8:58:00 AM,1/3/2019 12:27:51 PM,30,7272,48710,KITCHENER,LOT 19B (KPL AND QUEEN ST N),,N\A,,-8959661.23744859,5381206.57487261
3844,E.V. CHARGING STATION,CHARLES BENTON PARKING GARAGE,PAUL McCORICK - PARKING ENTERPRISE,8/28/2014 12:00:00 AM,ACTIVE,9/8/2017 1:12:50 PM,8/28/2014 12:13:13 PM,1/3/2019 12:27:51 PM,,3130,48749,KITCHENER,P1 LEVEL FACING HALL'S LANE,,N\A,,-8959982.32870468,5380571.93979586
3845,COMMUNITY CARSHARE,CITY HALL,TONY KONSTANTINIDIS,4/9/2015 12:00:00 AM,ACTIVE,5/12/2017 9:33:03 AM,5/12/2017 9:33:03 AM,1/3/2019 12:27:51 PM,,1989,92292,PRIVATE,CITY HALL,,N\A,,-8960340.23365446,5381051.42252442
4163,HANDICAP PARKING,LOT 19A,ORTHO 2016,5/15/2016 12:00:00 AM,ACTIVE,3/16/2017 2:38:31 PM,3/16/2017 2:38:31 PM,1/3/2019 12:27:51 PM,,5952,89413,KITCHENER,LOT 19A (CENTRE IN THE SQUARE),,N\A,,-8959515.52695661,5381313.90509098
4164,HANDICAP PARKING,LOT 19A,ORTHO 2016,5/15/2016 12:00:00 AM,ACTIVE,3/16/2017 2:38:33 PM,3/16/2017 2:38:33 PM,1/3/2019 12:27:51 PM,,5952,89414,KITCHENER,LOT 19A (CENTRE IN THE SQUARE),,N\A,,-8959512.73222138,5381318.74354236
4165,EXIT ARROW,LOT 19A,ORTHO 2016,5/15/2016 12:00:00 AM,ACTIVE,3/17/2017 9:47:03 AM,3/17/2017 9:47:03 AM,1/3/2019 12:27:51 PM,210,5952,89440,KITCHENER,LOT 19A (CENTRE IN THE SQUARE),,N\A,,-8959512.3016521,5381249.31428231
4166,EXIT,CIVIC DISTRICT PARKING GARAGE,ORTHO 2016,5/15/2016 12:00:00 AM,ACTIVE,3/17/2017 9:47:18 AM,3/17/2017 9:47:18 AM,1/3/2019 12:27:51 PM,210,5904,89441,KITCHENER,CIVIC DISTRICT GARAGE 2,,N\A,,-8959515.36312927,5381243.95372332
4167,EXIT,LOT 14,ORTHO 2016,2/11/2004 4:02:53 PM,ACTIVE,3/17/2017 9:47:48 AM,3/17/2017 9:47:48 AM,1/3/2019 12:27:51 PM,150,,89443,KITCHENER,LOT 14,,N\A,,-8959455.26144754,5381295.5497314
4168,HANDICAP PARKING,LOT 19B,ORTHO 2016,5/15/2016 12:00:00 AM,ACTIVE,3/16/2017 2:46:58 PM,3/16/2017 2:46:58 PM,1/3/2019 12:27:51 PM,,7272,89418,KITCHENER,LOT 19B (KPL AND QUEEN ST N),,N\A,,-8959632.53815628,5381198.8234388
4169,HANDICAP PARKING,LOT 19B,ORTHO 2016,5/15/2016 12:00:00 AM,ACTIVE,3/16/2017 2:47:00 PM,3/16/2017 2:47:00 PM,1/3/2019 12:27:51 PM,,7272,89419,KITCHENER,LOT 19B (KPL AND QUEEN ST N),,N\A,,-8959629.44844214,5381203.99201752
4170,HANDICAP PARKING,LOT 19B,ORTHO 2016,5/15/2016 12:00:00 AM,ACTIVE,3/16/2017 2:47:01 PM,3/16/2017 2:47:01 PM,1/3/2019 12:27:51 PM,,7272,89420,KITCHENER,LOT 19B (KPL AND QUEEN ST N),,N\A,,-8959626.58072555,5381208.57744653
4171,EXIT ARROW,LOT 19B,ORTHO 2016,5/15/2016 12:00:00 AM,ACTIVE,3/16/2017 2:47:33 PM,3/16/2017 2:47:33 PM,1/3/2019 12:27:51 PM,30,7272,89421,KITCHENER,LOT 19B (KPL AND QUEEN ST N),,N\A,,-8959663.27592342,5381212.15291246
4172,ENTRANCE ARROW,LOT 19B,ORTHO 2016,5/15/2016 12:00:00 AM,ACTIVE,3/16/2017 2:47:34 PM,3/16/2017 2:47:34 PM,1/3/2019 12:27:51 PM,30,7272,89422,KITCHENER,LOT 19B (KPL AND QUEEN ST N),,N\A,,-8959659.34453048,5381209.65313858
4174,PAY BOOTH,,,,ACTIVE,9/8/2017 1:12:50 PM,3/16/2017 2:52:28 PM,9/8/2017 1:12:50 PM,,,89423,,,,,,-8959329.44701874,5381376.89063813
4175,ENTRANCE,,,,ACTIVE,9/8/2017 1:12:50 PM,3/16/2017 2:52:46 PM,9/11/2017 2:36:54 PM,20,,89424,,,,,,-8959398.91945758,5381270.29078739
4482,LIGHT POLE,LOT 2,ORTHO 2016,5/15/2016 12:00:00 AM,ACTIVE,3/31/2017 7:19:41 AM,3/31/2017 7:19:41 AM,1/3/2019 12:27:51 PM,,2043,90932,KITCHENER,LOT 2,,N\A,,-8959892.16846524,5380764.09124034
4484,EXIT ARROW,LOT 2,ORTHO 2016,5/15/2016 12:00:00 AM,ACTIVE,9/17/2008 4:57:47 PM,2/11/2004 3:59:43 PM,1/3/2019 12:27:51 PM,30,2043,697,KITCHENER,LOT 2,,N\A,,-8959938.99865384,5380764.48330381
4814,EXIT ARROW,CITY HALL,ORTHO 2016,5/10/2016 12:00:00 AM,ACTIVE,5/10/2016 12:00:00 AM,5/10/2017 10:44:11 AM,1/3/2019 12:27:51 PM,296,1989,92177,KITCHENER,CITY HALL,,N\A,,-8960312.17478416,5380982.4882199
4815,COMMUNITY CARSHARE,CITY HALL,TONY KONSTANTINIDIS,4/9/2015 12:00:00 AM,ACTIVE,4/9/2015 12:00:00 AM,4/9/2015 11:39:47 AM,1/3/2019 12:27:51 PM,,1989,52197,PRIVATE,CITY HALL,,N\A,,-8960336.89443791,5381049.7946659
4816,HANDICAP PARKING,LOT 16,ORTHO 2016,5/10/2016 12:00:00 AM,ACTIVE,5/10/2016 12:00:00 AM,5/10/2017 10:51:49 AM,1/3/2019 12:27:51 PM,,2011,92178,KITCHENER,LOT 16,,N\A,,-8960700.02207995,5380923.38642695
4819,PAY AND DISPLAY,LOT 16,ORTHO 2016,5/10/2016 12:00:00 AM,ACTIVE,5/9/2017 3:45:26 PM,5/9/2017 3:45:26 PM,1/3/2019 12:27:51 PM,,2011,92080,KITCHENER,LOT 16,,N\A,,-8960743.56448147,5380937.71442902
4820,EXIT ARROW,LOT 3,ORTHO 2016,5/10/2016 12:00:00 AM,ACTIVE,5/10/2017 9:45:48 AM,5/10/2017 9:45:48 AM,9/11/2017 1:03:39 PM,290,2013,92155,,,,NOT APPLI*,,-8960675.49257133,5380871.40335432
5123,EXIT,LOT 27,ORTHO 2016,5/10/2016 12:00:00 AM,ACTIVE,5/10/2016 12:00:00 AM,5/10/2017 11:31:09 AM,1/3/2019 12:27:51 PM,300,2021,92181,KITCHENER,LOT 27,,N\A,,-8960095.50887161,5380886.95097356
5124,EXIT,,ORTHO 2016,5/10/2016 12:00:00 AM,ACTIVE,5/10/2016 12:00:00 AM,5/10/2017 11:36:56 AM,1/3/2019 12:27:51 PM,210,2023,92182,KITCHENER,DUKE PARKING GARAGE,,N\A,,-8960040.19853419,5380905.85956405
5125,EXIT,LOT 9,ORTHO 2016,5/10/2016 12:00:00 AM,ACTIVE,5/10/2016 12:00:00 AM,5/10/2017 11:46:44 AM,1/3/2019 12:27:51 PM,300,2049,92183,KITCHENER,LOT 9,,N\A,,-8960209.89163785,5380685.51562488
5126,ENTRANCE,LOT 9,ORTHO 2016,5/10/2016 12:00:00 AM,ACTIVE,5/10/2016 12:00:00 AM,5/10/2017 11:46:50 AM,1/3/2019 12:27:51 PM,200,2049,92184,KITCHENER,LOT 9,,N\A,,-8960268.33952143,5380733.48308173
5127,EXIT,LOT 9,ORTHO 2016,5/10/2016 12:00:00 AM,ACTIVE,5/10/2016 12:00:00 AM,5/10/2017 11:46:54 AM,1/3/2019 12:27:51 PM,200,2049,92185,KITCHENER,LOT 9,,N\A,,-8960265.58907993,5380732.16126266
5128,ENTRANCE,LOT 21,ORTHO 2016,5/10/2016 12:00:00 AM,ACTIVE,5/10/2016 12:00:00 AM,5/10/2017 12:09:05 PM,1/3/2019 12:27:51 PM,182,2087,92186,KITCHENER,LOT 21,,N\A,,-8959628.9443405,5380531.08447032
5129,EXIT,LOT 21,ORTHO 2016,5/10/2016 12:00:00 AM,ACTIVE,5/10/2016 12:00:00 AM,5/10/2017 12:09:07 PM,1/3/2019 12:27:51 PM,182,2087,92187,KITCHENER,LOT 21,,N\A,,-8959624.50536067,5380530.89785177
5130,EXIT,LOT 23,ORTHO 2016,5/10/2016 12:00:00 AM,ACTIVE,5/10/2016 12:00:00 AM,5/10/2017 12:13:57 PM,1/3/2019 12:27:51 PM,30,2104,92188,KITCHENER,LOT 23,,N\A,,-8959675.15530412,5380393.04980559
5131,EXIT,LOT 23,ORTHO 2016,5/10/2016 12:00:00 AM,ACTIVE,5/10/2016 12:00:00 AM,5/10/2017 12:16:33 PM,1/3/2019 12:27:51 PM,210,2104,92189,KITCHENER,LOT 23,,N\A,,-8959633.23443819,5380456.14486862
5132,EXIT ARROW,LOT 13,ORTHO 2016,5/10/2016 12:00:00 AM,ACTIVE,5/10/2016 12:00:00 AM,5/10/2017 12:23:43 PM,1/3/2019 12:27:51 PM,23,2151,92190,KITCHENER,LOT 13,,N\A,,-8962299.48570753,5381745.59674528
5133,ENTRANCE,LOT 13,ORTHO 2016,5/10/2016 12:00:00 AM,ACTIVE,5/10/2016 12:00:00 AM,5/10/2017 12:23:46 PM,1/3/2019 12:27:51 PM,23,2151,92191,KITCHENER,LOT 13,,N\A,,-8962295.82949464,5381742.47477247
5134,EXIT,LOT 13,ORTHO 2016,5/10/2016 12:00:00 AM,ACTIVE,5/10/2016 12:00:00 AM,5/10/2017 12:23:50 PM,1/3/2019 12:27:51 PM,23,2151,92192,KITCHENER,LOT 13,,N\A,,-8962299.95513591,5381744.3778646
5135,EXIT,LOT 12,ORTHO 2016,5/10/1016 12:00:00 AM,ACTIVE,5/10/2016 12:00:00 AM,5/10/2017 12:31:42 PM,1/3/2019 12:27:51 PM,114,2152,92193,WRDSB,LOT 12,,N\A,,-8962354.31658102,5381585.85870029
5137,HANDICAP PARKING,LOT 12,ORTHO 2016,5/10/1016 12:00:00 AM,ACTIVE,5/10/2016 12:00:00 AM,5/10/2017 12:33:37 PM,1/3/2019 12:27:51 PM,,2152,92195,WRDSB,LOT 12,,N\A,,-8962358.26589947,5381549.8659719
5138,HANDICAP PARKING,LOT 12,ORTHO 2016,5/10/1016 12:00:00 AM,ACTIVE,5/10/2016 12:00:00 AM,5/10/2017 12:33:49 PM,1/3/2019 12:27:51 PM,,2152,92196,WRDSB,LOT 12,,N\A,,-8962312.46346754,5381612.72764657
5139,HANDICAP PARKING,LOT 12,ORTHO 2016,5/10/1016 12:00:00 AM,ACTIVE,5/10/2016 12:00:00 AM,5/10/2017 12:33:51 PM,1/3/2019 12:27:51 PM,,2152,92197,WRDSB,LOT 12,,N\A,,-8962317.40201749,5381614.87581916
5140,LIGHT POLE,LOT 12,ORTHO 2016,5/10/1016 12:00:00 AM,ACTIVE,5/10/2016 12:00:00 AM,5/10/2017 12:33:59 PM,1/3/2019 12:27:51 PM,,2152,92198,WRDSB,LOT 12,,N\A,,-8962300.00898917,5381588.54110197
5141,LIGHT POLE,LOT 12,ORTHO 2016,5/10/1016 12:00:00 AM,ACTIVE,5/10/2016 12:00:00 AM,5/10/2017 12:34:01 PM,1/3/2019 12:27:51 PM,,2152,92199,WRDSB,LOT 12,,N\A,,-8962322.88324774,5381598.97899276
5142,LIGHT POLE,LOT 12,ORTHO 2016,5/10/1016 12:00:00 AM,ACTIVE,5/10/2016 12:00:00 AM,5/10/2017 12:34:06 PM,1/3/2019 12:27:51 PM,,2152,92200,WRDSB,LOT 12,,N\A,,-8962319.46601849,5381548.46786492
5144,ENTRANCE,LOT 12,ORTHO 2016,5/10/1016 12:00:00 AM,ACTIVE,5/10/2016 12:00:00 AM,5/10/2017 12:37:56 PM,1/3/2019 12:27:51 PM,205,2152,92202,WRDSB,LOT 12,,N\A,,-8962302.97235075,5381619.9566362
5145,EXIT,LOT 12,ORTHO 2016,5/10/1016 12:00:00 AM,ACTIVE,5/10/2016 12:00:00 AM,5/10/2017 12:37:59 PM,1/3/2019 12:27:51 PM,205,2152,92203,WRDSB,LOT 12,,N\A,,-8962299.62896631,5381618.44110774
5146,ENTRANCE,LOT 12,ORTHO 2016,5/10/1016 12:00:00 AM,ACTIVE,5/10/2016 12:00:00 AM,5/10/2017 12:38:11 PM,1/3/2019 12:27:51 PM,294,2152,92204,WRDSB,LOT 12,,N\A,,-8962304.53569696,5381524.35823899
5147,EXIT,LOT 12,ORTHO 2016,5/10/1016 12:00:00 AM,ACTIVE,5/10/2016 12:00:00 AM,5/10/2017 12:38:14 PM,1/3/2019 12:27:51 PM,294,2152,92205,WRDSB,LOT 12,,N\A,,-8962307.07874697,5381518.56533066
5148,LIGHT POLE,LOT 12,ORTHO 2016,5/10/1016 12:00:00 AM,ACTIVE,5/10/2016 12:00:00 AM,5/10/2017 12:39:17 PM,1/3/2019 12:27:51 PM,,2152,92206,WRDSB,LOT 12,,N\A,,-8962337.55692986,5381554.80107361
5149,EXIT,KCI-ARENA,ORTHO 2016,5/10/2016 12:00:00 AM,ACTIVE,5/10/2016 12:00:00 AM,5/10/2017 12:42:29 PM,1/3/2019 12:27:51 PM,,6132,92207,KITCHENER,KCI-ARENA,,N\A,,-8962230.41168796,5381447.2524185
5150,LIGHT POLE,KCI-ARENA,ORTHO 2016,5/10/2016 12:00:00 AM,ACTIVE,5/10/2016 12:00:00 AM,5/10/2017 12:43:50 PM,1/3/2019 12:27:51 PM,,6132,92208,WRDSB,KCI PARKING LOT,,N\A,,-8962308.17528919,5381438.51639791
5151,LIGHT POLE,KCI-ARENA,ORTHO 2016,5/10/2016 12:00:00 AM,ACTIVE,5/10/2016 12:00:00 AM,5/10/2017 12:43:53 PM,1/3/2019 12:27:51 PM,,6132,92209,WRDSB,KCI PARKING LOT,,N\A,,-8962278.16276877,5381453.4642646
5152,LIGHT POLE,KCI-ARENA,ORTHO 2016,5/10/2016 12:00:00 AM,ACTIVE,5/10/2016 12:00:00 AM,5/10/2017 12:43:55 PM,1/3/2019 12:27:51 PM,,6132,92210,WRDSB,KCI PARKING LOT,,N\A,,-8962260.24494148,5381473.19647927
5153,LIGHT POLE,KCI-ARENA,ORTHO 2016,5/10/2016 12:00:00 AM,ACTIVE,5/10/2016 12:00:00 AM,5/10/2017 12:43:58 PM,1/3/2019 12:27:51 PM,,6132,92211,WRDSB,KCI PARKING LOT,,N\A,,-8962310.79044423,5381495.41572727
5154,LIGHT POLE,KCI-ARENA,ORTHO 2016,5/10/2016 12:00:00 AM,ACTIVE,5/10/2016 12:00:00 AM,5/10/2017 12:44:01 PM,1/3/2019 12:27:51 PM,,6132,92212,WRDSB,KCI PARKING LOT,,N\A,,-8962334.64671357,5381450.07135414
5155,LIGHT POLE,KCI-ARENA,ORTHO 2016,5/10/2016 12:00:00 AM,ACTIVE,5/10/2016 12:00:00 AM,5/10/2017 12:44:06 PM,1/3/2019 12:27:51 PM,,6132,92213,WRDSB,KCI PARKING LOT,,N\A,,-8962277.51425309,5381508.15233409
5156,ENTRANCE,LOT 15,ORTHO 2016,5/10/2016 12:00:00 AM,ACTIVE,5/10/2016 12:00:00 AM,5/10/2017 12:52:18 PM,1/3/2019 12:27:51 PM,21,4769,92214,KITCHENER,LOT 15,,N\A,,-8960579.27441834,5380621.37171271
5157,EXIT,LOT 24,ORTHO 2016,5/10/2016 12:00:00 AM,ACTIVE,5/10/2016 12:00:00 AM,5/10/2017 1:00:01 PM,1/3/2019 12:27:51 PM,38,5823,92215,KITCHENER,LOT 24,,N\A,,-8961654.59429576,5380609.53443251
5158,EXIT,LOT 24,ORTHO 2016,5/10/2016 12:00:00 AM,ACTIVE,5/10/2016 12:00:00 AM,5/10/2017 1:00:48 PM,1/3/2019 12:27:51 PM,308,5823,92216,KITCHENER,LOT 24,,N\A,,-8961505.2972568,5380723.37662383
5159,LIGHT POLE,LOT 24,ORTHO 2016,5/10/2016 12:00:00 AM,ACTIVE,5/10/2016 12:00:00 AM,5/10/2017 1:01:21 PM,1/3/2019 12:27:51 PM,,5823,92217,KITCHENER,LOT 24,,N\A,,-8961571.13922339,5380668.12868666
5160,LIGHT POLE,LOT 24,ORTHO 2016,5/10/2016 12:00:00 AM,ACTIVE,5/10/2016 12:00:00 AM,5/10/2017 1:01:24 PM,1/3/2019 12:27:51 PM,,5823,92218,KITCHENER,LOT 24,,N\A,,-8961593.41815003,5380686.34493218
5161,LIGHT POLE,LOT 24,ORTHO 2016,5/10/2016 12:00:00 AM,ACTIVE,5/10/2016 12:00:00 AM,5/10/2017 1:01:26 PM,1/3/2019 12:27:51 PM,,5823,92219,KITCHENER,LOT 24,,N\A,,-8961632.45284367,5380718.08663257
5162,LIGHT POLE,LOT 24,ORTHO 2016,5/10/2016 12:00:00 AM,ACTIVE,5/10/2016 12:00:00 AM,5/10/2017 1:01:34 PM,1/3/2019 12:27:51 PM,,5823,92220,KITCHENER,LOT 24,,N\A,,-8961547.56504791,5380704.51271902
5163,LIGHT POLE,LOT 24,ORTHO 2016,5/10/2016 12:00:00 AM,ACTIVE,5/10/2016 12:00:00 AM,5/10/2017 1:01:39 PM,1/3/2019 12:27:51 PM,,5823,92221,KITCHENER,LOT 24,,N\A,,-8961610.23894294,5380746.71620875
5164,LIGHT POLE,LOT 24,ORTHO 2016,5/10/2016 12:00:00 AM,ACTIVE,5/10/2016 12:00:00 AM,5/10/2017 1:01:51 PM,1/3/2019 12:27:51 PM,,5823,92222,KITCHENER,LOT 24,,N\A,,-8961544.05721954,5380749.44360177
5165,LIGHT POLE,LOT 24,ORTHO 2016,5/10/2016 12:00:00 AM,ACTIVE,5/10/2016 12:00:00 AM,5/10/2017 1:01:55 PM,1/3/2019 12:27:51 PM,,5823,92223,KITCHENER,LOT 24,,N\A,,-8961586.48545418,5380776.76743821
5166,LIGHT POLE,LOT 24,ORTHO 2016,5/10/2016 12:00:00 AM,ACTIVE,5/10/2016 12:00:00 AM,5/10/2017 1:01:56 PM,1/3/2019 12:27:51 PM,,5823,92224,KITCHENER,LOT 24,,N\A,,-8961609.83659915,5380789.18174558
5167,LIGHT POLE,LOT 24,ORTHO 2016,5/10/2016 12:00:00 AM,ACTIVE,5/10/2016 12:00:00 AM,5/10/2017 1:02:03 PM,1/3/2019 12:27:51 PM,,5823,92225,KITCHENER,LOT 24,,N\A,,-8961642.64152304,5380763.56829931
5168,LIGHT POLE,LOT 24,ORTHO 2016,5/10/2016 12:00:00 AM,ACTIVE,5/10/2016 12:00:00 AM,5/10/2017 1:02:13 PM,1/3/2019 12:27:51 PM,,5823,92226,KITCHENER,LOT 24,,N\A,,-8961549.44180936,5380808.10907091
5169,LIGHT POLE,LOT 24,ORTHO 2016,5/10/2016 12:00:00 AM,ACTIVE,5/10/2016 12:00:00 AM,5/10/2017 1:02:18 PM,1/3/2019 12:27:51 PM,,5823,92227,KITCHENER,LOT 24,,N\A,,-8961510.42393238,5380776.58601718
5170,LIGHT POLE,LOT 24,ORTHO 2016,5/10/2016 12:00:00 AM,ACTIVE,5/10/2016 12:00:00 AM,5/10/2017 1:02:21 PM,1/3/2019 12:27:51 PM,,5823,92228,KITCHENER,LOT 24,,N\A,,-8961475.49167174,5380820.10507489
5171,LIGHT POLE,LOT 24,ORTHO 2016,5/10/2016 12:00:00 AM,ACTIVE,5/10/2016 12:00:00 AM,5/10/2017 1:02:29 PM,1/3/2019 12:27:51 PM,,5823,92229,KITCHENER,LOT 24,,N\A,,-8961433.81397249,5380831.80099683
5172,LIGHT POLE,LOT 24,ORTHO 2016,5/10/2016 12:00:00 AM,ACTIVE,5/10/2016 12:00:00 AM,5/10/2017 1:02:41 PM,1/3/2019 12:27:51 PM,,5823,92230,KITCHENER,LOT 24,,N\A,,-8961438.99902511,5380783.29973796
5174,HANDICAP PARKING,LOT 24,ORTHO 2016,5/10/2016 12:00:00 AM,ACTIVE,5/10/2016 12:00:00 AM,5/10/2017 1:03:34 PM,1/3/2019 12:27:51 PM,,5823,92232,KITCHENER,LOT 24,,N\A,,-8961489.33990038,5380670.22943479
5175,HANDICAP PARKING,LOT 24,ORTHO 2016,5/10/2016 12:00:00 AM,ACTIVE,5/10/2016 12:00:00 AM,5/10/2017 1:03:37 PM,1/3/2019 12:27:51 PM,,5823,92233,KITCHENER,LOT 24,,N\A,,-8961492.16610094,5380672.43825222
5176,HANDICAP PARKING,LOT 24,ORTHO 2016,5/10/2016 12:00:00 AM,ACTIVE,5/10/2016 12:00:00 AM,5/10/2017 1:03:38 PM,1/3/2019 12:27:51 PM,,5823,92234,KITCHENER,LOT 24,,N\A,,-8961496.56790624,5380675.97161722
5177,HANDICAP PARKING,LOT 24,ORTHO 2016,5/10/2016 12:00:00 AM,ACTIVE,5/10/2016 12:00:00 AM,5/10/2017 1:03:39 PM,1/3/2019 12:27:51 PM,,5823,92235,KITCHENER,LOT 24,,N\A,,-8961499.33950081,5380678.18010657
5178,HANDICAP PARKING,LOT 24,ORTHO 2016,5/10/2016 12:00:00 AM,ACTIVE,5/10/2016 12:00:00 AM,5/10/2017 1:03:41 PM,1/3/2019 12:27:51 PM,,5823,92236,KITCHENER,LOT 24,,N\A,,-8961504.34029669,5380681.99104185
5179,HANDICAP PARKING,LOT 24,ORTHO 2016,5/10/2016 12:00:00 AM,ACTIVE,5/10/2016 12:00:00 AM,5/10/2017 1:03:44 PM,1/3/2019 12:27:51 PM,,5823,92237,KITCHENER,LOT 24,,N\A,,-8961507.92734001,5380684.80718646
5180,HANDICAP PARKING,LOT 24,ORTHO 2016,5/10/2016 12:00:00 AM,ACTIVE,5/10/2016 12:00:00 AM,5/10/2017 1:03:45 PM,1/3/2019 12:27:51 PM,,5823,92238,KITCHENER,LOT 24,,N\A,,-8961513.30838702,5380688.94918591
5181,HANDICAP PARKING,LOT 24,ORTHO 2016,5/10/2016 12:00:00 AM,ACTIVE,5/10/2016 12:00:00 AM,5/10/2017 1:03:47 PM,1/3/2019 12:27:51 PM,,5823,92239,KITCHENER,LOT 24,,N\A,,-8961516.56782318,5380691.76334419
5182,HANDICAP PARKING,LOT 24,ORTHO 2016,5/10/2016 12:00:00 AM,ACTIVE,5/10/2016 12:00:00 AM,5/10/2017 1:03:50 PM,1/3/2019 12:27:51 PM,,5823,92240,KITCHENER,LOT 24,,N\A,,-8961479.75975047,5380683.54242099
5183,HANDICAP PARKING,LOT 24,ORTHO 2016,5/10/2016 12:00:00 AM,ACTIVE,5/10/2016 12:00:00 AM,5/10/2017 1:03:51 PM,1/3/2019 12:27:51 PM,,5823,92241,KITCHENER,LOT 24,,N\A,,-8961483.40041796,5380686.52329099
5184,HANDICAP PARKING,LOT 24,ORTHO 2016,5/10/2016 12:00:00 AM,ACTIVE,5/10/2016 12:00:00 AM,5/10/2017 1:03:52 PM,1/3/2019 12:27:51 PM,,5823,92242,KITCHENER,LOT 24,,N\A,,-8961488.56336525,5380690.60919278
5185,HANDICAP PARKING,LOT 24,ORTHO 2016,5/10/2016 12:00:00 AM,ACTIVE,5/10/2016 12:00:00 AM,5/10/2017 1:03:54 PM,1/3/2019 12:27:51 PM,,5823,92243,KITCHENER,LOT 24,,N\A,,-8961492.20436446,5380693.53525808
5186,HANDICAP PARKING,LOT 24,ORTHO 2016,5/10/2016 12:00:00 AM,ACTIVE,5/10/2016 12:00:00 AM,5/10/2017 1:03:56 PM,1/3/2019 12:27:51 PM,,5823,92244,KITCHENER,LOT 24,,N\A,,-8961497.52982168,5380697.84133155
5187,HANDICAP PARKING,LOT 24,ORTHO 2016,5/10/2016 12:00:00 AM,ACTIVE,5/10/2016 12:00:00 AM,5/10/2017 1:03:57 PM,1/3/2019 12:27:51 PM,,5823,92245,KITCHENER,LOT 24,,N\A,,-8961501.11556492,5380700.87665315
5188,HANDICAP PARKING,LOT 24,ORTHO 2016,5/10/2016 12:00:00 AM,ACTIVE,5/10/2016 12:00:00 AM,5/10/2017 1:04:00 PM,1/3/2019 12:27:51 PM,,5823,92246,KITCHENER,LOT 24,,N\A,,-8961505.73480291,5380704.57572173
5189,HANDICAP PARKING,LOT 24,ORTHO 2016,5/10/2016 12:00:00 AM,ACTIVE,5/10/2016 12:00:00 AM,5/10/2017 1:04:12 PM,1/3/2019 12:27:51 PM,,5823,92247,KITCHENER,LOT 24,,N\A,,-8961611.64900169,5380677.78938463
5190,HANDICAP PARKING,LOT 24,ORTHO 2016,5/10/2016 12:00:00 AM,ACTIVE,5/10/2016 12:00:00 AM,5/10/2017 1:04:14 PM,1/3/2019 12:27:51 PM,,5823,92248,KITCHENER,LOT 24,,N\A,,-8961614.96470021,5380680.32985904
5191,HANDICAP PARKING,LOT 24,ORTHO 2016,5/10/2016 12:00:00 AM,ACTIVE,5/10/2016 12:00:00 AM,5/10/2017 1:04:16 PM,1/3/2019 12:27:51 PM,,5823,92249,KITCHENER,LOT 24,,N\A,,-8961619.58560021,5380683.75491251
5192,LIGHT POLE,LOT 24,ORTHO 2016,5/10/2016 12:00:00 AM,ACTIVE,5/10/2016 12:00:00 AM,5/10/2017 1:05:55 PM,1/3/2019 12:27:51 PM,,5823,92250,KITCHENER,LOT 24,,N\A,,-8961645.10192991,5380630.32540349
5193,LIGHT POLE,LOT 24,ORTHO 2016,5/10/2016 12:00:00 AM,ACTIVE,5/10/2016 12:00:00 AM,5/10/2017 1:05:57 PM,1/3/2019 12:27:51 PM,,5823,92251,KITCHENER,LOT 24,,N\A,,-8961620.23569199,5380661.63001651
5194,HANDICAP PARKING,LOT 24,ORTHO 2016,5/10/2016 12:00:00 AM,ACTIVE,5/10/2016 12:00:00 AM,5/10/2017 1:08:29 PM,1/3/2019 12:27:51 PM,,5823,92252,KITCHENER,LOT 24,,N\A,,-8961508.75132043,5380706.91975843
5195,HANDICAP PARKING,LOT 24,ORTHO 2016,5/10/2016 12:00:00 AM,ACTIVE,5/10/2016 12:00:00 AM,5/10/2017 1:08:30 PM,1/3/2019 12:27:51 PM,,5823,92253,KITCHENER,LOT 24,,N\A,,-8961512.95294262,5380710.45192922
5196,PAY AND DISPLAY,LOT 24,ORTHO 2016,5/10/2016 12:00:00 AM,ACTIVE,5/10/2016 12:00:00 AM,5/10/2017 1:09:15 PM,1/3/2019 12:27:51 PM,,5823,92254,KITCHENER,LOT 24,,N\A,,-8961505.40992495,5380715.43345499
5197,SALTBOX,LOT 24,ORTHO 2016,5/10/2016 12:00:00 AM,ACTIVE,5/10/2016 12:00:00 AM,5/10/2017 1:09:19 PM,1/3/2019 12:27:51 PM,,5823,92255,KITCHENER,LOT 24,,N\A,,-8961504.82377999,5380716.05827464
5198,LIGHT POLE,LOT 24,ORTHO 2016,5/10/2016 12:00:00 AM,ACTIVE,5/10/2016 12:00:00 AM,5/10/2017 1:10:48 PM,1/3/2019 12:27:51 PM,,5823,92256,KITCHENER,LOT 24,,N\A,,-8961534.11939672,5380676.34151632
5199,LIGHT POLE,LOT 24,ORTHO 2016,5/10/2016 12:00:00 AM,ACTIVE,5/10/2016 12:00:00 AM,5/10/2017 1:11:07 PM,1/3/2019 12:27:51 PM,,5823,92257,KITCHENER,LOT 24,,N\A,,-8961507.98654554,5380677.68458179
5200,LIGHT POLE,LOT 24,ORTHO 2016,5/10/2016 12:00:00 AM,ACTIVE,5/10/2016 12:00:00 AM,5/10/2017 1:11:15 PM,1/3/2019 12:27:51 PM,,5823,92258,KITCHENER,LOT 24,,N\A,,-8961489.66907848,5380700.7370951
5201,EXIT,LOT 24,ORTHO 2016,5/10/2016 12:00:00 AM,ACTIVE,5/10/2016 12:00:00 AM,5/10/2017 1:12:27 PM,1/3/2019 12:27:51 PM,172,5823,92259,KITCHENER,LOT 24,,N\A,,-8961590.15190083,5380809.07867536
5202,ENTRANCE,LOT 24,ORTHO 2016,5/10/2016 12:00:00 AM,ACTIVE,5/10/2016 12:00:00 AM,5/10/2017 1:12:29 PM,1/3/2019 12:27:51 PM,172,5823,92260,KITCHENER,LOT 24,,N\A,,-8961596.96511247,5380810.97460014
5203,LIGHT POLE,LOT 24,ORTHO 2016,5/10/2016 12:00:00 AM,ACTIVE,5/10/2016 12:00:00 AM,5/10/2017 1:13:37 PM,1/3/2019 12:27:51 PM,,5823,92261,KITCHENER,LOT 24,,N\A,,-8961544.75253051,5380851.50194783
5443,ENTRANCE,LOT 2,ORTHO 2016,,HISTORIC,4/18/2023 1:31:25 PM,9/11/2017 11:20:24 AM,4/18/2023 1:31:25 PM,30,2043,97813,KITCHENER,LOT 2,,N\A,,-8959900.59539909,5380729.07058829
5444,EXIT,LOT 2,ORTHO 2016,,ACTIVE,9/11/2017 11:20:27 AM,9/11/2017 11:20:27 AM,1/3/2019 12:27:51 PM,30,2043,97814,KITCHENER,LOT 2,,N\A,,-8959944.46885714,5380755.27995269
5445,EXIT ARROW,,ORTHO 2016,5/10/2016 12:00:00 AM,ACTIVE,9/12/2017 9:22:32 AM,9/12/2017 9:22:32 AM,1/3/2019 12:27:51 PM,210,2023,97857,KITCHENER,DUKE PARKING GARAGE,,N\A,,-8960021.99846567,5380892.81334156
5446,EXIT,,ORTHO 2016,5/10/2016 12:00:00 AM,ACTIVE,9/12/2017 9:21:52 AM,9/12/2017 9:21:52 AM,1/3/2019 12:27:51 PM,210,2023,97855,KITCHENER,DUKE PARKING GARAGE,,N\A,,-8960025.9308568,5380898.238012
5447,EXIT,LOT 19A,ORTHO 2016,5/15/2016 12:00:00 AM,ACTIVE,9/12/2017 9:21:03 AM,9/12/2017 9:21:03 AM,1/3/2019 12:27:51 PM,210,5952,97852,KITCHENER,LOT 19A (CENTRE IN THE SQUARE),,N\A,,-8959515.36312927,5381243.95372332
5448,ENTRANCE,LOT 19A,ORTHO 2016,5/15/2016 12:00:00 AM,ACTIVE,9/12/2017 9:21:27 AM,9/12/2017 9:21:27 AM,1/3/2019 12:27:51 PM,210,5952,97853,KITCHENER,LOT 19A (CENTRE IN THE SQUARE),,N\A,,-8959519.9834121,5381246.6401893
5449,ENTRANCE,LOT 16,ORTHO 2016,7/9/2003 3:53:00 PM,ACTIVE,9/12/2017 9:21:56 AM,9/12/2017 9:21:56 AM,1/3/2019 12:27:51 PM,290,2011,97856,KITCHENER,LOT 16,,N\A,,-8960691.31881673,5380928.36606717
5450,EXIT,LOT 16,ORTHO 2016,7/9/2003 3:53:00 PM,ACTIVE,9/12/2017 9:21:41 AM,9/12/2017 9:21:41 AM,1/3/2019 12:27:51 PM,290,2011,97854,KITCHENER,LOT 16,,N\A,,-8960692.75220869,5380925.0527242
5451,ENTRANCE,LOT 9,ORTHO 2016,5/10/2016 12:00:00 AM,ACTIVE,9/11/2017 3:11:52 PM,9/11/2017 3:11:52 PM,1/3/2019 12:27:51 PM,20,2049,97833,KITCHENER,LOT 9,,N\A,,-8960266.57665814,5380704.95542059
5452,EXIT,LOT 9,ORTHO 2016,5/10/2016 12:00:00 AM,ACTIVE,9/11/2017 3:11:49 PM,9/11/2017 3:11:49 PM,1/3/2019 12:27:51 PM,20,2049,97832,KITCHENER,LOT 9,,N\A,,-8960269.9606423,5380706.48099017
5454,ENTRANCE ARROW,,,,ACTIVE,11/30/2017 1:14:44 PM,11/30/2017 1:14:44 PM,1/3/2019 12:27:51 PM,120,5903,105016,KITCHENER,CIVIC DISTRICT GARAGE,,N\A,,-8959756.19869653,5381117.11396723
5456,ENTRANCE,LOT 7,ORTHO 2017,4/1/2017 12:00:00 AM,ACTIVE,11/30/2017 12:00:00 AM,11/30/2017 1:33:59 PM,1/3/2019 12:27:51 PM,135,2090,105018,KITCHENER,CHARLES ST E AT QUEEN ST S,,N\A,,-8960113.20213201,5380526.86159071
5762,HANDICAP PARKING,,ORTHO 2017,4/24/2018 12:00:00 AM,ACTIVE,4/24/2018 2:41:32 PM,4/24/2018 2:41:32 PM,1/3/2019 12:27:51 PM,,5885,123767,KITCHENER,VP DAVID ST AND JUBILEE DR,,N\A,,-8960565.87779056,5380325.07671224
5763,HANDICAP PARKING,,ORTHO 2017,4/24/2018 12:00:00 AM,ACTIVE,4/24/2018 2:41:35 PM,4/24/2018 2:41:35 PM,1/3/2019 12:27:51 PM,,5885,123768,KITCHENER,VP DAVID ST AND JUBILEE DR,,N\A,,-8960562.19310078,5380329.41397244
6402,EXIT,,PARK PLAN,3/4/2019 12:00:00 AM,PLANNED,3/5/2019 11:16:33 AM,3/5/2019 11:16:33 AM,3/5/2019 2:46:16 PM,,,152057,KITCHENER,UPPER CANADA PARK,RIGHT,,,-8953866.53008304,5372177.16405437
6403,EXIT,,PARK PLAN,3/4/2019 12:00:00 AM,PLANNED,3/5/2019 11:16:35 AM,3/5/2019 11:16:35 AM,3/5/2019 2:46:16 PM,,,152058,KITCHENER,UPPER CANADA PARK,STRAIGHT/RIGHT,,,-8953862.17750144,5372179.93678964
6404,ENTRANCE,,PARK PLAN,4/6/2018 12:00:00 AM,PLANNED,3/5/2019 11:16:39 AM,3/5/2019 11:16:39 AM,3/5/2019 2:46:16 PM,,,152059,KITCHENER,UPPER CANADA PARK,STRAIGHT,,,-8953857.78964087,5372182.65352312
6405,HANDICAP PARKING,,PARK PLAN,,ACTIVE,3/5/2019 11:19:42 AM,3/5/2019 11:19:42 AM,3/5/2019 11:22:51 AM,,,152060,KITCHENER,,,,,-8953959.06543494,5372273.28930891
6406,HANDICAP PARKING,,PARK PLAN,,ACTIVE,3/5/2019 11:19:44 AM,3/5/2019 11:19:44 AM,3/5/2019 11:22:51 AM,,,152061,KITCHENER,,,,,-8953953.45788318,5372276.68804234
6407,HANDICAP PARKING,,PARK PLAN,,ACTIVE,3/5/2019 11:19:48 AM,3/5/2019 11:19:48 AM,3/5/2019 11:22:51 AM,,,152062,KITCHENER,,,,,-8953949.90927411,5372278.83884091
6408,HANDICAP PARKING,,PARK PLAN,,ACTIVE,3/5/2019 11:19:52 AM,3/5/2019 11:19:52 AM,3/5/2019 11:22:51 AM,,,152063,KITCHENER,,,,,-8953944.35076225,5372282.20783646
6409,HANDICAP PARKING,,PARK PLAN,,PLANNED,3/5/2019 11:20:00 AM,3/5/2019 11:20:00 AM,3/5/2019 2:46:16 PM,,,152064,KITCHENER,,,,,-8953880.23916315,5372298.55416283
6410,HANDICAP PARKING,,PARK PLAN,,PLANNED,3/5/2019 11:20:01 AM,3/5/2019 11:20:01 AM,3/5/2019 2:46:16 PM,,,152065,KITCHENER,,,,,-8953874.89567465,5372301.79277531
6411,HANDICAP PARKING,,PARK PLAN,,PLANNED,3/5/2019 11:20:03 AM,3/5/2019 11:20:03 AM,3/5/2019 2:46:16 PM,,,152066,KITCHENER,,,,,-8953871.4419602,5372303.8860241
6412,HANDICAP PARKING,,PARK PLAN,,PLANNED,3/5/2019 11:20:04 AM,3/5/2019 11:20:04 AM,3/5/2019 2:46:16 PM,,,152067,KITCHENER,,,,,-8953866.11713727,5372307.11333149
6413,MATERNITY PARKING,,PARK PLAN,,PLANNED,3/5/2019 11:20:07 AM,3/5/2019 11:20:07 AM,3/5/2019 2:46:16 PM,,,152068,KITCHENER,,,,,-8953862.50342633,5372309.32466671
6414,MATERNITY PARKING,,PARK PLAN,,PLANNED,3/5/2019 11:20:09 AM,3/5/2019 11:20:09 AM,3/5/2019 2:46:16 PM,,,152069,KITCHENER,,,,,-8953859.55479313,5372311.19241646
6415,E.V. CHARGING STATION,CITY HALL,,,ACTIVE,6/11/2019 12:21:40 PM,6/11/2019 12:21:40 PM,6/11/2019 12:23:05 PM,,,171881,UNKNOWN,CITY HALL,,,,-8960385.75177025,5381022.24261311
6722,,,,,,1/3/2020 1:53:01 PM,1/3/2020 1:53:01 PM,1/3/2020 1:53:01 PM,,,192816,,,,,
6750,GREEN P PARKING SIGN,PARKING AHEAD,TONYK TRAFFIC,,ACTIVE,1/9/2020 11:30:10 AM,1/9/2020 11:30:10 AM,4/2/2020 4:21:13 PM,,,192968,KITCHENER,VICTORIA ST S AT THERESA ST ON LIGHT POLE,LEFT,EAST,28,-8961373.52760139,5380620.32259405
7366,,,,,,4/2/2020 4:17:16 PM,4/2/2020 4:17:16 PM,4/2/2020 4:21:13 PM,,,194227,,,,,
8002,GREEN P PARKING SIGN,PARKING,2009 ORTHO,,ACTIVE,4/14/2020 11:23:02 AM,4/14/2020 11:23:02 AM,11/1/2023 10:28:02 AM,0,,194536,KITCHENER,KITCHENER MARKET PARKING GARAGE ENTRANCE,P,WEST,40,-8959323.62817854,5380417.96805683
8003,GREEN P PARKING SIGN,PARKING AHEAD,TONYK PARKING,,ACTIVE,4/14/2020 11:23:02 AM,4/14/2020 11:23:02 AM,11/1/2023 10:32:03 AM,0,,194537,KITCHENER,CHARLES ST E BETWEEN MADISON AVE S AND CEDAR ST S ON LIGHT POLE,STRAIGHT/RIGHT,NORTH,54,-8959361.98853577,5380150.89715329
8004,GREEN P PARKING SIGN,PARKING AHEAD,TONYK PARKING,,ACTIVE,4/14/2020 11:23:02 AM,4/14/2020 11:23:02 AM,11/1/2023 10:32:03 AM,0,,194538,KITCHENER,WEBER ST W BETWEEN QUEEN ST N AND YOUNG ST ON POLE,STRAIGHT/LEFT,NORTH,56,-8959921.52862899,5381084.23219659
8005,GREEN P PARKING SIGN,PARKING AHEAD,TONYK PARKING,,ACTIVE,4/14/2020 11:23:02 AM,4/14/2020 11:23:02 AM,11/1/2023 10:32:03 AM,0,,194539,KITCHENER,WEBER ST W AT YOUNG ST ON POLE,LEFT,NORTH,57,-8960143.64716525,5381217.77549814
8006,GREEN P PARKING SIGN,PARKING AHEAD,TONYK PARKING,,ACTIVE,4/14/2020 11:23:02 AM,4/14/2020 11:23:02 AM,11/1/2023 10:32:03 AM,0,,194540,KITCHENER,KING ST W AT QUEEN ST S ON LIGHT POLE,STRAIGHT/LEFT,SOUTH,60,-8960053.53054108,5380706.55436802
8007,GREEN P PARKING SIGN,PARKING AHEAD,TONYK PARKING,,ACTIVE,4/14/2020 11:23:02 AM,4/14/2020 11:23:02 AM,11/1/2023 10:32:03 AM,0,,194541,KITCHENER,COURTLAND AVE E AT BENTON ST ON POLE,RIGHT,NORTH,58,-8960244.66362453,5379999.91103218
8008,GREEN P PARKING SIGN,PARKING AHEAD,TONYK PARKING,,ACTIVE,4/14/2020 11:23:02 AM,4/14/2020 11:23:02 AM,11/1/2023 10:32:03 AM,0,,194542,KITCHENER,QUEEN ST S AT CHARLES ST W ON LIGHT POLE,LEFT,WEST,59,-8960088.76907412,5380588.87130539
8009,GREEN P PARKING SIGN,PARKING AHEAD,TONYK PARKING,,ACTIVE,4/14/2020 11:23:02 AM,4/14/2020 11:23:02 AM,11/1/2023 10:32:03 AM,0,,194543,KITCHENER,DUKE ST W AT YOUNG ST ON LIGHT POLE,LEFT,NORTH,46,-8960236.41142811,5381039.6495832
8010,GREEN P PARKING SIGN,PARKING AHEAD,TONYK PARKING,,ACTIVE,4/14/2020 11:23:02 AM,4/14/2020 11:23:02 AM,11/1/2023 10:32:03 AM,0,,194544,KITCHENER,KING ST E AT QUEEN ST N ON LIGHT POLE,STRAIGHT/RIGHT,NORTH,48,-8959983.80223341,5380685.86587972
8011,GREEN P PARKING SIGN,PARKING AHEAD,2009 ORTHO,,ACTIVE,4/14/2020 11:23:02 AM,4/14/2020 11:23:02 AM,11/1/2023 10:32:03 AM,0,,194545,KITCHENER,FREDERICK ST AT KING ST E ON LIGHT POLE,STRAIGHT/LEFT,WEST,47,-8959802.95641814,5380736.25427311
8012,GREEN P PARKING SIGN,PARKING AHEAD,TONYK PARKING,,ACTIVE,4/14/2020 11:23:02 AM,4/14/2020 11:23:02 AM,11/1/2023 10:32:03 AM,0,,194546,KITCHENER,QUEEN ST N AT ROY ST,STRAIGHT/LEFT,WEST,49,-8959741.20969152,5381171.12857976
8013,GREEN P PARKING SIGN,PARKING AHEAD,TONYK PARKING,,ACTIVE,4/14/2020 11:23:02 AM,4/14/2020 11:23:02 AM,11/1/2023 10:32:03 AM,0,,194547,KITCHENER,WEBER ST E AT SCOTT ST ON LIGHT POLE,STRAIGHT,SOUTH,53,-8959545.07468807,5380827.57201615
8014,GREEN P PARKING SIGN,PARKING AHEAD,TONYK PARKING,,ACTIVE,4/14/2020 11:23:02 AM,4/14/2020 11:23:02 AM,11/1/2023 10:32:03 AM,0,,194548,KITCHENER,KING ST W AT VICTORIA ST S ON UCHANNEL,STRAIGHT,SOUTH,61,-8960962.92485621,5381124.18740735
8015,GREEN P PARKING SIGN,PARKING AHEAD,TONYK PARKING,,ACTIVE,4/14/2020 11:23:02 AM,4/14/2020 11:23:02 AM,11/1/2023 10:32:03 AM,0,,194549,KITCHENER,DUKE ST W AT HEIT LANE ON UCHANNEL,STRAIGHT,NORTH,62,-8960721.00023693,5381255.46522518
8016,GREEN P PARKING SIGN,PARKING AHEAD,TONYK PARKING,,ACTIVE,4/14/2020 11:23:02 AM,4/14/2020 11:23:02 AM,11/1/2023 10:32:03 AM,0,,194550,KITCHENER,VICTORIA ST S AT CHARLES ST W ON LIGHT POLE,STRAIGHT/RIGHT,EAST,63,-8961102.3571179,5380942.12346374
8017,GREEN P PARKING SIGN,PARKING AHEAD,TONYK PARKING,,ACTIVE,4/14/2020 11:23:02 AM,4/14/2020 11:23:02 AM,11/1/2023 10:32:03 AM,0,,194551,KITCHENER,VICTORIA ST S AT CHARLES ST W,LEFT,WEST,64,-8961074.94316906,5381047.28266736
8018,GREEN P PARKING SIGN,PARKING AHEAD,TONYK PARKING,,ACTIVE,4/14/2020 11:23:02 AM,4/14/2020 11:23:02 AM,11/1/2023 10:32:03 AM,0,,194552,KITCHENER,VICTORIA ST S AT JOSEPH ST ON LIGHT POLE,STRAIGHT,EAST,65,-8961225.77964645,5380793.50284517
8019,GREEN P PARKING SIGN,PARKING AHEAD,TONYK PARKING,,ACTIVE,4/14/2020 11:23:02 AM,4/14/2020 11:23:02 AM,11/1/2023 10:32:03 AM,0,,194553,KITCHENER,VICTORIA ST N AT DUKE ST W ON LIGHT POLE,STRAIGHT/LEFT,WEST,66,-8960695.01744602,5381394.90307117
8020,GREEN P PARKING SIGN,PARKING AHEAD,TONYK PARKING,,ACTIVE,4/14/2020 11:23:02 AM,4/14/2020 11:23:02 AM,11/1/2023 10:32:03 AM,0,,194554,KITCHENER,WEBER ST W AT YOUNG ST ON UCHANNEL,STRAIGHT/RIGHT,SOUTH,68,-8960203.39285636,5381219.47417562
8021,GREEN P PARKING SIGN,PARKING AHEAD,TONYK PARKING,,ACTIVE,4/14/2020 11:23:02 AM,4/14/2020 11:23:02 AM,11/1/2023 10:32:03 AM,0,,194555,KITCHENER,WEBER ST W AT ONTARIO ST N ON UCHANNEL,STRAIGHT/RIGHT,SOUTH,69,-8960011.07485901,5381106.18783154
8022,GREEN P PARKING SIGN,PARKING AHEAD,TONYK PARKING,,ACTIVE,4/14/2020 11:23:02 AM,4/14/2020 11:23:02 AM,11/1/2023 10:32:03 AM,0,,194556,KITCHENER,WEBER ST W AT QUEEN ST N ON UCHANNEL,STRAIGHT/RIGHT,SOUTH,70,-8959865.32777719,5381018.83327615
8023,GREEN P PARKING SIGN,PARKING AHEAD,TONYK PARKING,,ACTIVE,4/14/2020 11:23:02 AM,4/14/2020 11:23:02 AM,11/1/2023 10:32:03 AM,0,,194557,KITCHENER,MARGARET AVE AT MAYNARD AVE ON UCHANNEL,STRAIGHT,SOUTH,67,-8959875.34466678,5381562.82487393
8024,GREEN P PARKING SIGN,PARKING AHEAD,TONYK PARKING,,ACTIVE,4/14/2020 11:23:02 AM,4/14/2020 11:23:02 AM,11/1/2023 10:32:03 AM,0,,194558,KITCHENER,QUEEN ST N AT WEBER ST E ON LIGHT POLE,STRAIGHT/LEFT/RIGHT,EAST,52,-8959824.31414536,5380981.44821678
8025,GREEN P PARKING SIGN,PARKING AHEAD,TONYK PARKING,,ACTIVE,4/14/2020 11:23:02 AM,4/14/2020 11:23:02 AM,11/1/2023 10:32:03 AM,0,,194559,KITCHENER,SCOTT ST AT KING ST E ON LIGHT POLE,RIGHT/LEFT,WEST,55,-8959663.02495228,5380524.1764892
8026,GREEN P PARKING SIGN,PARKING AHEAD,ORTHO 2016,,ACTIVE,4/14/2020 11:23:02 AM,4/14/2020 11:23:02 AM,11/1/2023 10:32:03 AM,0,,194560,KITCHENER,FRANCIS ST S AT CHARLES ST W,STRAIGHT,EAST,50,-8960846.08907937,5380969.94522823
8027,GREEN P PARKING SIGN,PARKING AHEAD,ORTHO 2016,,ACTIVE,4/14/2020 11:23:02 AM,4/14/2020 11:23:02 AM,11/1/2023 10:32:03 AM,0,,194561,KITCHENER,CHARLES ST W AT ONTARIO ST S ON LIGHT POLE,STRAIGHT/LEFT,SOUTH,45,-8960310.2356958,5380655.24175451
8028,GREEN P PARKING SIGN,PARKING AHEAD,ORTHO 2016,,ACTIVE,4/14/2020 11:23:02 AM,4/14/2020 11:23:02 AM,11/1/2023 10:32:03 AM,0,,194562,KITCHENER,WATER ST S AT CHARLES ST W,LEFT,WEST,51,-8960672.14212367,5380865.35808324
8029,GREEN P PARKING SIGN,PARKING,2009 ORTHO,,ACTIVE,4/14/2020 11:23:02 AM,4/14/2020 11:23:02 AM,11/1/2023 10:28:02 AM,0,,194563,KITCHENER,CHARLES/BENTON PARKING GARAGE ENTRANCE,P,NORTH,41,-8960021.86796548,5380530.78200377
8030,GREEN P PARKING SIGN,PARKING AHEAD,ORTHO 2016,,ACTIVE,4/14/2020 11:23:02 AM,4/14/2020 11:23:02 AM,11/1/2023 10:32:03 AM,0,,194564,KITCHENER,QUEEN ST N AT OTTO ST,STRAIGHT/LEFT,WEST,39,-8959582.34195935,5381443.05868749
8031,GREEN P PARKING SIGN,PARKING AHEAD,ORTHO 2016,,ACTIVE,4/14/2020 11:23:02 AM,4/14/2020 11:23:02 AM,11/1/2023 10:32:03 AM,0,,194565,KITCHENER,QUEEN ST N AT APPROACH TO OTTO ST,RIGHT,EAST,38,-8959630.30265466,5381328.42629758
8032,GREEN P PARKING SIGN,PARKING, ,,ACTIVE,4/14/2020 11:23:02 AM,4/14/2020 11:23:02 AM,11/1/2023 10:28:02 AM,0,,194566,KITCHENER,CIVIC DISTRICT PARKING GARAGE ENTRANCE,P,EAST,42,-8959741.74972952,5381111.79735262
8033,GREEN P PARKING SIGN,PARKING AHEAD,TONYK PARKING,,ACTIVE,4/14/2020 11:23:02 AM,4/14/2020 11:23:02 AM,11/1/2023 10:32:03 AM,0,,194567,KITCHENER,DUKE ST E MID BLOCK BETWEEN SCOTT ST AND EBY ST N,STRAIGHT,SOUTH,71,-8959480.41579962,5380608.11100085
8034,GREEN P PARKING SIGN,PARKING AHEAD,TONYK PARKING,,ACTIVE,4/14/2020 11:23:02 AM,4/14/2020 11:23:02 AM,11/1/2023 10:32:03 AM,0,,194568,KITCHENER,CHARLES ST E MID BLOCK BETWEEN BENTON ST AND EBY ST N,STRAIGHT,SOUTH,72,-8959711.46291762,5380378.92741536
8035,GREEN P PARKING SIGN,PARKING AHEAD,TONYK PARKING,,ACTIVE,4/14/2020 11:23:02 AM,4/14/2020 11:23:02 AM,11/1/2023 10:32:03 AM,0,,194569,KITCHENER,OTTO ST AT QUEEN ST N,LEFT,NORTH,75,-8959574.62696618,5381413.80908603
8036,GREEN P PARKING SIGN,PARKING AHEAD,TONYK PARKING,,ACTIVE,4/14/2020 11:23:02 AM,4/14/2020 11:23:02 AM,11/1/2023 10:32:03 AM,0,,194570,KITCHENER,WEBER ST W AT QUEEN ST N,STRAIGHT/RIGHT,NORTH,73,-8959792.60681561,5381013.99290125
8037,GREEN P PARKING SIGN,PARKING AHEAD,TONYK PARKING,,ACTIVE,4/14/2020 11:23:02 AM,4/14/2020 11:23:02 AM,11/1/2023 10:32:03 AM,0,,194571,KITCHENER,FRANCIS ST S AT CHARLES ST W,LEFT,WEST,74,-8960879.3237378,5380954.12958014
8038,GREEN P PARKING SIGN,PARKING AHEAD,TONYK PARKING,,ACTIVE,4/14/2020 11:23:02 AM,4/14/2020 11:23:02 AM,11/1/2023 10:32:03 AM,0,,194572,KITCHENER,KING ST W AT FRANCIS ST S,STRAIGHT/RIGHT,SOUTH,76,-8960847.70232245,5381069.2615299
8039,GREEN P PARKING SIGN,PARKING AHEAD,TONYK PARKING,,ACTIVE,4/14/2020 11:23:02 AM,4/14/2020 11:23:02 AM,11/1/2023 10:32:03 AM,0,,194573,KITCHENER,KING ST W AT WATER ST N,RIGHT,NORTH,77,-8960584.1548955,5380988.75650552
8040,GREEN P PARKING SIGN,PARKING AHEAD,TONYK PARKING,,ACTIVE,4/14/2020 11:23:02 AM,4/14/2020 11:23:02 AM,11/1/2023 10:32:03 AM,0,,194574,KITCHENER,WATER ST N AT DUKE ST W,RIGHT,EAST,78,-8960548.65123925,5381110.05253432
8041,GREEN P PARKING SIGN,PARKING AHEAD,TONYK PARKING,,ACTIVE,4/14/2020 11:23:02 AM,4/14/2020 11:23:02 AM,11/1/2023 10:32:03 AM,0,,194575,KITCHENER,DUKE ST W MID BLOCK BETWEEN FRANCIS ST N AND WATER ST N,STRAIGHT,SOUTH,79,-8960636.2020335,5381160.41314486
8042,GREEN P PARKING SIGN,PARKING AHEAD,TONYK PARKING,,ACTIVE,4/14/2020 11:23:02 AM,4/14/2020 11:23:02 AM,11/1/2023 10:32:03 AM,0,,194576,KITCHENER,CHARLES ST W AT WATER ST S,RIGHT,NORTH,80,-8960639.53636981,5380836.7345201
8043,GREEN P PARKING SIGN,PARKING AHEAD,TONYK PARKING,,ACTIVE,4/14/2020 11:23:02 AM,4/14/2020 11:23:02 AM,11/1/2023 10:32:03 AM,0,,194577,KITCHENER,DUKE ST W AT YOUNG ST,RIGHT,SOUTH,82,-8960294.80640836,5381042.04555402
8044,GREEN P PARKING SIGN,PARKING AHEAD,TONYK PARKING,,ACTIVE,4/14/2020 11:23:02 AM,4/14/2020 11:23:02 AM,11/1/2023 10:32:03 AM,0,,194578,KITCHENER,KING ST W AT YOUNG ST,RIGHT,NORTH,81,-8960323.42718339,5380868.6098164
8045,GREEN P PARKING SIGN,PARKING AHEAD,TONYK PARKING,,ACTIVE,4/14/2020 11:23:02 AM,4/14/2020 11:23:02 AM,11/1/2023 10:32:03 AM,0,,194579,KITCHENER,ONTARIO ST S AT KING ST W,STRAIGHT,EAST,83,-8960151.91312753,5380744.85254059
8046,GREEN P PARKING SIGN,PARKING AHEAD,TONYK PARKING,,ACTIVE,4/14/2020 11:23:02 AM,4/14/2020 11:23:02 AM,11/1/2023 10:32:03 AM,0,,194580,KITCHENER,S CORNER OF VICTORIA ST N AND WEBER ST W INTERSECTION (FACING IN),STRAIGHT,SOUTH,84,-8960530.35410716,5381438.37564498
8047,GREEN P PARKING SIGN,PARKING AHEAD,TONYK PARKING,,ACTIVE,4/14/2020 11:23:02 AM,4/14/2020 11:23:02 AM,11/1/2023 10:32:03 AM,0,,194581,KITCHENER,FREDERICK ST AT WEBER ST E,STRAIGHT/LEFT,EAST,85,-8959635.20723939,5380933.72000377
8048,GREEN P PARKING SIGN,PARKING AHEAD,TONYK PARKING,,ACTIVE,4/14/2020 11:23:02 AM,4/14/2020 11:23:02 AM,11/1/2023 10:32:03 AM,0,,194582,KITCHENER,DUKE ST W AT FREDERICK ST,STRAIGHT/LEFT/RIGHT,SOUTH,86,-8959800.00750466,5380771.41804329
8049,GREEN P PARKING SIGN,PARKING AHEAD,TONYK PARKING,,ACTIVE,4/14/2020 11:23:02 AM,4/14/2020 11:23:02 AM,11/1/2023 10:32:03 AM,0,,194583,KITCHENER,KING ST E AT FREDERICK ST,STRAIGHT/LEFT/RIGHT,EAST,87,-8959812.61613762,5380594.14080326
8050,GREEN P PARKING SIGN,PARKING AHEAD,TONYK PARKING,,ACTIVE,4/14/2020 11:23:02 AM,4/14/2020 11:23:02 AM,11/1/2023 10:32:03 AM,0,,194584,KITCHENER,FREDERICK ST AT CHARLES ST W,RIGHT,WEST,88,-8959921.14752414,5380505.47134794
8051,GREEN P PARKING SIGN,PARKING AHEAD,TONYK PARKING,,ACTIVE,4/14/2020 11:23:02 AM,4/14/2020 11:23:02 AM,11/1/2023 10:32:03 AM,0,,194585,KITCHENER,CHARLES ST W AT BENTON ST,STRAIGHT/LEFT,SOUTH,89,-8959959.36778376,5380465.11759177
8052,GREEN P PARKING SIGN,PARKING AHEAD,TONYK PARKING,,ACTIVE,4/14/2020 11:23:03 AM,4/14/2020 11:23:03 AM,11/1/2023 10:32:03 AM,0,,194586,KITCHENER,QUEEN ST S AT CHARLES ST W,STRAIGHT/LEFT/RIGHT,SOUTH,90,-8960108.96095493,5380528.95151037
8053,GREEN P PARKING SIGN,PARKING AHEAD,TONYK PARKING,,ACTIVE,4/14/2020 11:23:03 AM,4/14/2020 11:23:03 AM,11/1/2023 10:32:03 AM,0,,194587,KITCHENER,KING ST W AT ONTARIO ST N,STRAIGHT/RIGHT,NORTH,91,-8960126.01956889,5380767.77014298
8054,GREEN P PARKING SIGN,PARKING AHEAD,TONYK PARKING,,ACTIVE,4/14/2020 11:23:03 AM,4/14/2020 11:23:03 AM,11/1/2023 10:32:03 AM,0,,194588,KITCHENER,ONTARIO ST N AT DUKE ST W,RIGHT,EAST,92,-8960067.89094915,5380894.36753373
8055,GREEN P PARKING SIGN,PARKING AHEAD,TONYK PARKING,,ACTIVE,4/14/2020 11:23:03 AM,4/14/2020 11:23:03 AM,11/1/2023 10:32:03 AM,0,,194589,KITCHENER,QUEEN ST S AT COURTLAND AVE E,LEFT,SOUTH,93,-8960458.30917343,5380130.06879772
8056,GREEN P PARKING SIGN,PARKING AHEAD,TONYK PARKING,,ACTIVE,4/14/2020 11:27:58 AM,4/14/2020 11:27:58 AM,11/1/2023 10:32:03 AM,0,,194590,KITCHENER,KING ST W AT GREEN ST,RIGHT,SOUTH,29,-8962369.70451092,5381730.57314567
8057,GREEN P PARKING SIGN,PARKING AHEAD,TONYK PARKING,,ACTIVE,4/14/2020 11:27:58 AM,4/14/2020 11:27:58 AM,11/1/2023 10:32:03 AM,,,194591,KITCHENER,800 KING ST W,STRAIGHT,NORTH,30,-8962120.47602934,5381658.81746675
8058,GREEN P PARKING SIGN,PARKING AHEAD,TONYK PARKING,,ACTIVE,4/14/2020 11:27:58 AM,4/14/2020 11:27:58 AM,11/1/2023 10:32:03 AM,,,194592,KITCHENER,VICTORIA ST N AT KING ST W,STRAIGHT/RIGHT,WEST,31,-8961014.80183072,5381195.72373982
8059,GREEN P PARKING SIGN,PARKING AHEAD,TONYK PARKING,,ACTIVE,4/14/2020 11:27:58 AM,4/14/2020 11:27:58 AM,11/1/2023 10:32:03 AM,,,194593,KITCHENER,VICTORIA ST S AT BRAMM ST,RIGHT,WEST,32,-8961370.64935497,5380658.79001001
8060,GREEN P PARKING SIGN,PARKING AHEAD,TONYK PARKING,,ACTIVE,4/14/2020 11:27:58 AM,4/14/2020 11:27:58 AM,11/1/2023 10:32:03 AM,,,194594,KITCHENER,VICTORIA ST S AT PARK ST,RIGHT,WEST,33,-8961492.83071654,5380510.43757102
8061,GREEN P PARKING SIGN,PARKING AHEAD,TONYK PARKING,,ACTIVE,4/14/2020 11:27:58 AM,4/14/2020 11:27:58 AM,11/1/2023 10:32:03 AM,,,194595,KITCHENER,CHARLES ST W AT GAUKEL ST,LEFT,NORTH,34,-8960416.79743917,5380729.62742343
8062,GREEN P PARKING SIGN,PARKING AHEAD,TONYK PARKING,,ACTIVE,4/14/2020 11:27:58 AM,4/14/2020 11:27:58 AM,11/1/2023 10:32:03 AM,,,194596,KITCHENER,GAUKEL ST AT JOSEPH ST,RIGHT,WEST,35,-8960496.55601492,5380627.84054754
8063,GREEN P PARKING SIGN,PARKING AHEAD,TONYK PARKING,,ACTIVE,4/14/2020 11:27:58 AM,4/14/2020 11:27:58 AM,11/1/2023 10:32:03 AM,,,194597,KITCHENER,CHARLES T W AT ONTARIO ST S,STRAIGHT/RIGHT,NORTH,36,-8960195.16153276,5380630.7969537
8064,GREEN P PARKING SIGN,PARKING AHEAD,TONYK PARKING,,ACTIVE,4/14/2020 11:27:58 AM,4/14/2020 11:27:58 AM,11/1/2023 10:32:03 AM,,,194598,KITCHENER,236 KING ST E,STRAIGHT/RIGHT,NORTH,37,-8959578.66118309,5380451.49584009
